device_id,address,date,card_id,sum,banknotes,coins,descr,tech
153,"Антонича, 6 Близенько 2.00 грн",2025-11-01 17:08:39,14147,0.0,2168.0,0.0,ruslan,ruslan
153,"Антонича, 6 Близенько 2.00 грн",2025-11-01 17:08:47,14147,0.0,0.0,1477.0,ruslan,ruslan
240,"Багряного, 39 Близенько 2.00 грн",2025-10-27 14:15:48,14147,0.0,2470.0,0.0,ruslan,ruslan
240,"Багряного, 39 Близенько 2.00 грн",2025-10-27 14:15:57,14147,0.0,0.0,1949.0,ruslan,ruslan
164,"Бандери, 69 Близенько 2.00 грн",2025-10-29 19:36:35,23129,0.0,2610.0,0.0,igor,igor
164,"Бандери, 69 Близенько 2.00 грн",2025-10-29 19:36:41,23129,0.0,0.0,2979.5,igor,igor
297,"Біберовича, 11 Близенько 1.50 грн",2025-10-24 15:46:44,14147,0.0,1489.0,0.0,ruslan,ruslan
297,"Біберовича, 11 Близенько 1.50 грн",2025-10-24 15:46:50,14147,0.0,0.0,1940.0,ruslan,ruslan
190,"Братів Міхновських,  23  Близенько 2.00 грн",2025-10-29 19:43:17,24662,0.0,3756.0,0.0,dmutro,dmutro
190,"Братів Міхновських,  23  Близенько 2.00 грн",2025-10-29 19:43:27,24662,0.0,0.0,4689.5,dmutro,dmutro
190,"Братів Міхновських,  23  Близенько 2.00 грн",2025-11-12 14:21:41,24662,0.0,3690.0,0.0,dmutro,dmutro
190,"Братів Міхновських,  23  Близенько 2.00 грн",2025-11-12 14:21:49,24662,0.0,0.0,3181.0,dmutro,dmutro
236,"Брюховицька, 143 Близенько 2.00 грн",2025-10-24 14:59:18,14147,0.0,4456.0,0.0,ruslan,ruslan
236,"Брюховицька, 143 Близенько 2.00 грн",2025-10-24 14:59:24,14147,0.0,0.0,1336.0,ruslan,ruslan
156,"Брюховичі Івасюка, 1 Близенько 2.00 грн",2025-10-24 14:31:17,14147,0.0,3980.0,0.0,ruslan,ruslan
156,"Брюховичі Івасюка, 1 Близенько 2.00 грн",2025-10-24 14:31:28,14147,0.0,0.0,1854.0,ruslan,ruslan
243,"Брюховичі Львівська, 92 Близенько 2.00 грн",2025-10-24 13:39:10,14147,0.0,2734.0,0.0,ruslan,ruslan
243,"Брюховичі Львівська, 92 Близенько 2.00 грн",2025-10-24 13:39:17,14147,0.0,0.0,3299.0,ruslan,ruslan
344,"Брюховичі, Весняна, 1а 1.50 грн",2025-10-24 13:14:26,14147,0.0,771.0,0.0,ruslan,ruslan
344,"Брюховичі, Весняна, 1а 1.50 грн",2025-10-24 13:14:36,14147,0.0,0.0,756.5,ruslan,ruslan
179,"В.Великого, 1 Близенько 2.00 грн",2025-10-27 08:02:30,24662,0.0,1993.0,0.0,dmutro,dmutro
179,"В.Великого, 1 Близенько 2.00 грн",2025-10-27 08:02:39,24662,0.0,0.0,2194.0,dmutro,dmutro
18,"В.Великого, 103  Близенько 1.50 грн",2025-11-03 12:29:28,0,0.0,2477.0,0.0,dmutro,dmutro
18,"В.Великого, 103  Близенько 1.50 грн",2025-11-03 12:29:37,0,0.0,0.0,34.0,dmutro,dmutro
116,"В.Великого, 35а Близенько 2.00 грн",2025-10-27 13:34:42,24662,0.0,1961.0,0.0,dmutro,dmutro
116,"В.Великого, 35а Близенько 2.00 грн",2025-10-27 13:34:57,24662,0.0,0.0,2276.0,dmutro,dmutro
221,"В.Великого, 75  Близенько 1.50 грн",2025-11-03 13:01:36,0,0.0,3824.0,0.0,dmutro,dmutro
254,"Вашингтона, 4в Близенько 2.00 грн",2025-10-31 15:48:31,14147,0.0,2808.0,0.0,ruslan,ruslan
254,"Вашингтона, 4в Близенько 2.00 грн",2025-10-31 15:48:44,14147,0.0,0.0,2049.0,ruslan,ruslan
327,"Веливока, 9 Близенько 2.00 грн",2025-10-25 14:17:41,23129,0.0,3039.0,0.0,igor,igor
327,"Веливока, 9 Близенько 2.00 грн",2025-10-25 14:17:54,23129,0.0,0.0,3957.5,igor,igor
327,"Веливока, 9 Близенько 2.00 грн",2025-11-07 18:47:08,23129,0.0,2884.0,0.0,igor,igor
327,"Веливока, 9 Близенько 2.00 грн",2025-11-07 18:47:13,23129,0.0,0.0,3911.0,igor,igor
327,"Веливока, 9 Близенько 2.00 грн",2025-11-15 16:18:53,23129,0.0,0.0,2114.0,igor,igor
327,"Веливока, 9 Близенько 2.00 грн",2025-11-15 16:19:00,23129,0.0,1354.0,0.0,igor,igor
107,"Ветеранів, 5 ОСББ  1.50 грн",2025-10-27 12:25:47,0,0.0,833.0,0.0,igor,igor
107,"Ветеранів, 5 ОСББ  1.50 грн",2025-10-27 12:25:50,0,0.0,0.0,569.64,igor,igor
107,"Ветеранів, 5 ОСББ  1.50 грн",2025-11-19 20:37:06,0,0.0,636.0,0.0,igor,igor
107,"Ветеранів, 5 ОСББ  1.50 грн",2025-11-19 20:37:11,0,0.0,0.0,239.53,igor,igor
202,"Виговського, 5 Сімі 2.00 грн",2025-10-27 13:34:43,14147,0.0,2017.0,0.0,ruslan,ruslan
202,"Виговського, 5 Сімі 2.00 грн",2025-10-27 13:34:49,14147,0.0,0.0,1660.0,ruslan,ruslan
52,"Виговського, 5б Близенько 1.50 грн",2025-10-27 13:53:30,0,0.0,1451.0,0.0,ruslan,ruslan
52,"Виговського, 5б Близенько 1.50 грн",2025-10-27 13:53:35,0,0.0,0.0,4.5,ruslan,ruslan
205,"Винники, Винна гора, 10б  Близенько 2.00 грн",2025-10-28 16:49:39,23129,0.0,7949.0,0.0,igor,igor
205,"Винники, Винна гора, 10б  Близенько 2.00 грн",2025-10-28 16:49:45,23129,0.0,0.0,2451.0,igor,igor
205,"Винники, Винна гора, 10б  Близенько 2.00 грн",2025-11-15 15:00:27,23129,0.0,3641.0,0.0,igor,igor
205,"Винники, Винна гора, 10б  Близенько 2.00 грн",2025-11-15 15:00:32,23129,0.0,0.0,2461.0,igor,igor
126,"Винники, Сахарова, 10 Близенько 2.00 грн",2025-10-25 16:25:26,23129,0.0,2157.0,0.0,igor,igor
126,"Винники, Сахарова, 10 Близенько 2.00 грн",2025-10-25 16:25:34,23129,0.0,0.0,1055.5,igor,igor
126,"Винники, Сахарова, 10 Близенько 2.00 грн",2025-11-15 15:40:57,23129,0.0,5376.0,0.0,igor,igor
126,"Винники, Сахарова, 10 Близенько 2.00 грн",2025-11-15 15:41:03,23129,0.0,0.0,3057.0,igor,igor
251,"Винники, Франка, 53 Близенько 1.50 грн",2025-10-28 19:00:13,0,0.0,124.0,0.0,igor,igor
251,"Винники, Франка, 53 Близенько 1.50 грн",2025-10-28 19:00:17,0,0.0,0.0,16.28,igor,igor
154,"Гайдамацька, 9а Близенько 2.00 грн",2025-10-27 19:52:55,0,0.0,2804.0,0.0,igor,igor
154,"Гайдамацька, 9а Близенько 2.00 грн",2025-10-27 19:53:01,0,0.0,0.0,2625.0,igor,igor
154,"Гайдамацька, 9а Близенько 2.00 грн",2025-11-13 19:41:03,23129,0.0,2929.0,0.0,igor,igor
154,"Гайдамацька, 9а Близенько 2.00 грн",2025-11-13 19:41:19,23129,0.0,0.0,3020.5,igor,igor
340,"Гашека, 17 Близенько 1.50 грн",2025-10-24 18:51:15,24662,0.0,1035.0,0.0,dmutro,dmutro
340,"Гашека, 17 Близенько 1.50 грн",2025-10-24 18:51:22,24662,0.0,0.0,1991.0,dmutro,dmutro
178,"Генерала Тарнавського, 104б Близенько 2.00 грн",2025-10-28 16:44:28,14147,0.0,7064.0,0.0,ruslan,ruslan
178,"Генерала Тарнавського, 104б Близенько 2.00 грн",2025-10-28 16:44:37,14147,0.0,0.0,8986.5,ruslan,ruslan
305,"Гориня, 39 Близенько 1.50 грн",2025-10-31 18:03:37,14147,0.0,604.0,0.0,ruslan,ruslan
305,"Гориня, 39 Близенько 1.50 грн",2025-10-31 18:03:49,14147,0.0,0.0,615.5,ruslan,ruslan
212,"Городоцька, 213 Близенько 1.50 грн",2025-10-27 13:06:37,14147,0.0,1919.0,0.0,ruslan,ruslan
212,"Городоцька, 213 Близенько 1.50 грн",2025-10-27 13:06:43,14147,0.0,0.0,2293.0,ruslan,ruslan
269,"Городоцька, 226а Близенько 2.00 грн",2025-10-25 11:48:23,14147,0.0,1643.0,0.0,ruslan,ruslan
269,"Городоцька, 226а Близенько 2.00 грн",2025-10-25 11:48:28,14147,0.0,0.0,2825.0,ruslan,ruslan
268,"Городоцька, 45 Близенько 2.00 грн",2025-10-31 18:09:50,23129,0.0,2687.0,0.0,igor,igor
268,"Городоцька, 45 Близенько 2.00 грн",2025-10-31 18:09:55,23129,0.0,0.0,4124.0,igor,igor
51,"Грінченка, 6 Близенько 1.50 грн",2025-10-22 09:58:04,3051,0.0,0.0,418.67,igor,igor
51,"Грінченка, 6 Близенько 1.50 грн",2025-10-22 09:58:08,3051,0.0,894.0,0.0,igor,igor
51,"Грінченка, 6 Близенько 1.50 грн",2025-11-08 20:19:17,23129,0.0,391.0,0.0,igor,igor
51,"Грінченка, 6 Близенько 1.50 грн",2025-11-08 20:19:21,23129,0.0,0.0,638.53,igor,igor
195,"Грушевського, 7/9 Близенько 2.00 грн",2025-10-22 20:46:03,23129,0.0,2744.0,0.0,igor,igor
195,"Грушевського, 7/9 Близенько 2.00 грн",2025-10-22 20:46:10,23129,0.0,0.0,3120.5,igor,igor
195,"Грушевського, 7/9 Близенько 2.00 грн",2025-11-11 21:40:55,23129,0.0,2126.0,0.0,igor,igor
195,"Грушевського, 7/9 Близенько 2.00 грн",2025-11-11 21:41:01,23129,0.0,0.0,2449.0,igor,igor
114,"Демнянська, 26 Близенько 1.50 грн",2025-10-25 16:15:59,14147,0.0,293.0,0.0,ruslan,ruslan
114,"Демнянська, 26 Близенько 1.50 грн",2025-10-25 16:16:16,14147,0.0,0.0,286.5,ruslan,ruslan
241,"Дзиндри, 1а  Близенько 2.00 грн",2025-11-03 14:16:41,24662,0.0,2274.0,0.0,dmutro,dmutro
241,"Дзиндри, 1а  Близенько 2.00 грн",2025-11-03 14:16:50,24662,0.0,0.0,3010.5,dmutro,dmutro
226,"Дністерська, 1  Близенько 1.50 грн",2025-10-29 17:23:03,14147,0.0,2324.0,0.0,ruslan,ruslan
226,"Дністерська, 1  Близенько 1.50 грн",2025-10-29 17:23:10,14147,0.0,0.0,2881.0,ruslan,ruslan
55,"Довбуша, 1  Товари з Італії 2.00 грн",2025-10-27 18:33:35,23129,0.0,3014.0,0.0,igor,igor
55,"Довбуша, 1  Товари з Італії 2.00 грн",2025-10-27 18:33:40,23129,0.0,0.0,4021.0,igor,igor
55,"Довбуша, 1  Товари з Італії 2.00 грн",2025-11-13 18:51:23,23129,0.0,3313.0,0.0,igor,igor
55,"Довбуша, 1  Товари з Італії 2.00 грн",2025-11-13 18:51:29,23129,0.0,0.0,3566.0,igor,igor
87,"Довженка, 5  Близенько 1.50 грн",2025-11-01 17:38:32,14147,0.0,1118.0,0.0,ruslan,ruslan
87,"Довженка, 5  Близенько 1.50 грн",2025-11-01 17:38:38,14147,0.0,0.0,1922.0,ruslan,ruslan
118,"Драгана, 4б  Близенько 2.00 грн",2025-11-01 16:52:33,14147,0.0,1661.0,0.0,ruslan,ruslan
118,"Драгана, 4б  Близенько 2.00 грн",2025-11-01 16:52:46,14147,0.0,0.0,871.0,ruslan,ruslan
108,"Дунайська, 7 Близенько 1.50 грн",2025-10-29 16:49:45,14147,0.0,2374.0,0.0,ruslan,ruslan
108,"Дунайська, 7 Близенько 1.50 грн",2025-10-29 16:50:09,14147,0.0,0.0,3936.5,ruslan,ruslan
108,"Дунайська, 7 Близенько 1.50 грн",2025-10-29 16:50:19,14147,0.0,0.0,0.0,ruslan,ruslan
234,"Залізнична, 21 Близенько 1.50 грн",2025-10-29 16:22:32,0,0.0,2342.0,0.0,dmutro,dmutro
234,"Залізнична, 21 Близенько 1.50 грн",2025-10-29 16:22:37,0,0.0,0.0,337.06,dmutro,dmutro
180,"Замарстинівська, 170б  Близенько 2.00 грн",2025-10-27 20:45:51,23129,0.0,492.0,0.0,igor,igor
180,"Замарстинівська, 170б  Близенько 2.00 грн",2025-10-27 20:45:56,23129,0.0,0.0,1162.5,igor,igor
258,"Замарстинівська, 170н Близенько 2.00 грн",2025-10-27 20:58:46,23129,0.0,1074.0,0.0,igor,igor
258,"Замарстинівська, 170н Близенько 2.00 грн",2025-10-27 20:58:51,23129,0.0,0.0,2319.5,igor,igor
225,"Замарстинівська, 55г Близенько 2.00 грн",2025-10-27 20:13:49,23129,0.0,967.0,0.0,igor,igor
225,"Замарстинівська, 55г Близенько 2.00 грн",2025-10-27 20:13:55,23129,0.0,0.0,2527.5,igor,igor
225,"Замарстинівська, 55г Близенько 2.00 грн",2025-11-17 19:32:56,23129,0.0,0.0,2453.0,igor,igor
225,"Замарстинівська, 55г Близенько 2.00 грн",2025-11-17 19:33:04,23129,0.0,769.0,0.0,igor,igor
172,"Зарицьких, 5  Близенько 2.00 грн",2025-10-24 13:02:51,9576,0.0,3148.0,0.0,igor,igor
172,"Зарицьких, 5  Близенько 2.00 грн",2025-10-24 13:02:55,9576,0.0,0.0,0.0,igor,igor
172,"Зарицьких, 5  Близенько 2.00 грн",2025-10-24 13:03:07,9576,0.0,0.0,3635.5,igor,igor
172,"Зарицьких, 5  Близенько 2.00 грн",2025-11-13 15:41:36,23129,0.0,2820.0,0.0,igor,igor
172,"Зарицьких, 5  Близенько 2.00 грн",2025-11-13 15:41:41,23129,0.0,0.0,2658.5,igor,igor
326,"Зелена, 17 Сімі 2.00 грн",2025-10-26 15:58:59,0,0.0,3545.0,0.0,igor,igor
326,"Зелена, 17 Сімі 2.00 грн",2025-10-26 15:59:26,0,0.0,0.0,3848.0,igor,igor
326,"Зелена, 17 Сімі 2.00 грн",2025-11-13 16:20:06,23129,0.0,3517.0,0.0,igor,igor
326,"Зелена, 17 Сімі 2.00 грн",2025-11-13 16:20:11,23129,0.0,0.0,3284.0,igor,igor
165,"Зелена, 204  Близенько 2.00 грн",2025-10-25 17:42:30,14147,0.0,6037.0,0.0,ruslan,ruslan
165,"Зелена, 204  Близенько 2.00 грн",2025-10-25 17:42:39,14147,0.0,0.0,3808.0,ruslan,ruslan
280,"Зелена, 44  Близенько 2.00 грн",2025-10-31 11:58:43,14147,0.0,1741.0,0.0,ruslan,ruslan
280,"Зелена, 44  Близенько 2.00 грн",2025-10-31 11:58:48,14147,0.0,0.0,2184.5,ruslan,ruslan
57,"Зимна Вода, Тичини, 9  Близенько 1.50 грн",2025-10-25 12:08:57,0,0.0,10.0,0.0,ruslan,ruslan
57,"Зимна Вода, Тичини, 9  Близенько 1.50 грн",2025-10-25 12:09:04,0,0.0,0.0,1.75,ruslan,ruslan
209,"Золота, 25  Близенько 1.50 грн",2025-10-20 18:10:30,24662,0.0,0.0,1877.5,dmutro,dmutro
209,"Золота, 25  Близенько 1.50 грн",2025-10-20 18:29:01,24662,0.0,1442.0,0.0,dmutro,dmutro
209,"Золота, 25  Близенько 1.50 грн",2025-10-29 13:25:37,24662,0.0,630.0,0.0,dmutro,dmutro
209,"Золота, 25  Близенько 1.50 грн",2025-10-29 13:25:46,24662,0.0,0.0,942.0,dmutro,dmutro
282,"Йосифа Сліпого, 22 Близенько 2.00 грн",2025-10-31 12:35:25,14147,0.0,8363.0,0.0,ruslan,ruslan
282,"Йосифа Сліпого, 22 Близенько 2.00 грн",2025-10-31 12:35:35,14147,0.0,0.0,8398.5,ruslan,ruslan
242,"Караджича, 29б  Рукавичка 2.00 грн",2025-10-27 14:48:05,14147,0.0,705.0,0.0,ruslan,ruslan
242,"Караджича, 29б  Рукавичка 2.00 грн",2025-10-27 14:48:12,14147,0.0,0.0,883.0,ruslan,ruslan
175,"Кн.Ольги, 100к  Близенько 2.00 грн",2025-10-27 11:00:18,24662,0.0,1972.0,0.0,dmutro,dmutro
175,"Кн.Ольги, 100к  Близенько 2.00 грн",2025-10-27 11:00:27,24662,0.0,0.0,2068.0,dmutro,dmutro
224,"Кн.Ольги, 98л  Фрешка 2.00 грн",2025-10-27 10:45:40,24662,0.0,2042.0,0.0,dmutro,dmutro
224,"Кн.Ольги, 98л  Фрешка 2.00 грн",2025-10-27 10:45:53,24662,0.0,0.0,1206.0,dmutro,dmutro
239,"Князя Романа, 9  Близенько 2.00 грн",2025-10-21 11:41:57,0,0.0,2487.0,0.0,igor,igor
239,"Князя Романа, 9  Близенько 2.00 грн",2025-10-21 11:42:21,0,0.0,0.0,2259.0,igor,igor
239,"Князя Романа, 9  Близенько 2.00 грн",2025-10-31 12:52:53,23129,0.0,2935.0,0.0,igor,igor
239,"Князя Романа, 9  Близенько 2.00 грн",2025-10-31 12:53:02,23129,0.0,0.0,2446.5,igor,igor
239,"Князя Романа, 9  Близенько 2.00 грн",2025-11-11 18:47:36,23129,0.0,2963.0,0.0,igor,igor
239,"Князя Романа, 9  Близенько 2.00 грн",2025-11-11 18:47:45,23129,0.0,0.0,2514.0,igor,igor
293,"Коновальця, 50 Близенько 2 грн",2025-11-03 19:20:58,24662,0.0,350.0,0.0,dmutro,dmutro
293,"Коновальця, 50 Близенько 2 грн",2025-11-03 19:21:07,24662,0.0,0.0,1305.5,dmutro,dmutro
301,"Коперніка, 56 Свій Маркет 2.00 грн",2025-11-03 19:44:53,24662,0.0,2352.0,0.0,dmutro,dmutro
301,"Коперніка, 56 Свій Маркет 2.00 грн",2025-11-03 19:45:01,24662,0.0,0.0,3890.5,dmutro,dmutro
230,"Котика, 9 Близенько 2.00 грн",2025-10-25 17:46:29,0,0.0,3537.0,0.0,igor,igor
230,"Котика, 9 Близенько 2.00 грн",2025-10-25 17:46:34,0,0.0,0.0,3003.5,igor,igor
230,"Котика, 9 Близенько 2.00 грн",2025-11-09 18:10:22,23129,0.0,1335.0,0.0,igor,igor
230,"Котика, 9 Близенько 2.00 грн",2025-11-09 18:10:28,23129,0.0,0.0,1487.0,igor,igor
197,"Кропивницького, 7/9  Близенько 2.00 грн",2025-10-29 20:46:43,24662,0.0,2336.0,0.0,dmutro,dmutro
197,"Кропивницького, 7/9  Близенько 2.00 грн",2025-10-29 20:46:51,24662,0.0,0.0,2539.5,dmutro,dmutro
336,"Кубійовича, 31 Близенько 2.0",2025-11-01 18:14:18,14147,0.0,6015.0,0.0,ruslan,ruslan
336,"Кубійовича, 31 Близенько 2.0",2025-11-01 18:14:25,14147,0.0,0.0,3995.5,ruslan,ruslan
184,"Кульпарківська, 135  Близенько 2.00 грн",2025-10-28 16:03:27,14147,0.0,2841.0,0.0,ruslan,ruslan
184,"Кульпарківська, 135  Близенько 2.00 грн",2025-10-28 16:03:35,14147,0.0,0.0,2708.5,ruslan,ruslan
213,"Кульпарківська, 145 Близенько 1.50 грн",2025-10-30 21:31:30,24662,0.0,1702.0,0.0,dmutro,dmutro
213,"Кульпарківська, 145 Близенько 1.50 грн",2025-10-30 21:31:43,24662,0.0,0.0,1884.5,dmutro,dmutro
306,"Кульпарківська, 172  Близенько 2,00 грн",2025-10-28 20:45:04,24662,0.0,1128.0,0.0,dmutro,dmutro
306,"Кульпарківська, 172  Близенько 2,00 грн",2025-10-28 20:45:15,24662,0.0,0.0,840.5,dmutro,dmutro
109,"Кульпарківська, 230  Близенько 2.00 грн",2025-10-25 18:51:12,0,0.0,2796.0,0.0,ruslan,ruslan
109,"Кульпарківська, 230  Близенько 2.00 грн",2025-10-25 18:51:17,0,0.0,0.0,51.06,ruslan,ruslan
294,"Кульпарківська, 59  Близенько 2.00 грн",2025-10-27 16:40:51,24662,0.0,972.0,0.0,dmutro,dmutro
294,"Кульпарківська, 59  Близенько 2.00 грн",2025-10-27 16:41:01,24662,0.0,0.0,1131.0,dmutro,dmutro
187,"Кульпарківська, 93 Близенько 2.00 грн",2025-10-28 21:08:53,24662,0.0,2563.0,0.0,dmutro,dmutro
187,"Кульпарківська, 93 Близенько 2.00 грн",2025-10-28 21:09:09,24662,0.0,0.0,2327.0,dmutro,dmutro
335,"Лазаренка, 1 Близенько 1.50 грн",2025-11-01 14:11:11,0,0.0,1227.0,0.0,ruslan,ruslan
335,"Лазаренка, 1 Близенько 1.50 грн",2025-11-01 14:11:15,0,0.0,0.0,321.78,ruslan,ruslan
292,"Лапаївка, Геофізиків, 17  Близенько 2.00 грн",2025-10-25 12:39:53,14147,0.0,4003.0,0.0,ruslan,ruslan
292,"Лапаївка, Геофізиків, 17  Близенько 2.00 грн",2025-10-25 12:40:01,14147,0.0,0.0,3001.5,ruslan,ruslan
85,"Левицького, 106  Penkermarket 2.00 грн",2025-10-31 13:45:43,14147,0.0,5709.0,0.0,ruslan,ruslan
85,"Левицького, 106  Penkermarket 2.00 грн",2025-10-31 13:45:50,14147,0.0,0.0,4341.5,ruslan,ruslan
54,"Левицького, 43а  Кишенька 2.00 грн",2025-11-01 18:26:45,14147,0.0,7537.0,0.0,ruslan,ruslan
54,"Левицького, 43а  Кишенька 2.00 грн",2025-11-01 18:26:53,14147,0.0,0.0,5760.0,ruslan,ruslan
233,"Липинського, 29  Близенько 2.00 грн",2025-10-26 19:43:29,23129,0.0,2206.0,0.0,igor,igor
233,"Липинського, 29  Близенько 2.00 грн",2025-10-26 19:43:36,23129,0.0,0.0,2508.0,igor,igor
232,"Липова алея, 1  Близенько 1.50 грн",2025-10-29 15:47:36,14147,0.0,574.0,0.0,ruslan,ruslan
232,"Липова алея, 1  Близенько 1.50 грн",2025-10-29 15:47:48,14147,0.0,0.0,2632.0,ruslan,ruslan
235,"Лисеницька,  9 Близенько  2.00 грн",2025-10-31 16:52:07,14147,0.0,1547.0,0.0,ruslan,ruslan
235,"Лисеницька,  9 Близенько  2.00 грн",2025-10-31 16:52:18,14147,0.0,0.0,806.5,ruslan,ruslan
231,"Лисиничі, Шухевича, 5 Близенько 2.00 грн",2025-10-28 15:48:55,23129,0.0,21305.0,0.0,igor,igor
231,"Лисиничі, Шухевича, 5 Близенько 2.00 грн",2025-11-22 15:42:02,23129,0.0,21268.0,0.0,igor,igor
186,"Личаківська, 163  Близенько 2.00 грн",2025-10-26 18:56:25,23129,0.0,1410.0,0.0,igor,igor
186,"Личаківська, 163  Близенько 2.00 грн",2025-10-26 18:56:32,23129,0.0,0.0,3659.5,igor,igor
193,"Личаківська, 4/6  Близенько 2.00 грн",2025-11-13 19:55:21,23129,0.0,5191.0,0.0,igor,igor
193,"Личаківська, 4/6  Близенько 2.00 грн",2025-11-13 19:55:29,23129,0.0,0.0,4978.0,igor,igor
157,"Личаківська, 70а  Близенько 2.00 грн",2025-10-25 19:00:24,23129,0.0,3232.0,0.0,igor,igor
157,"Личаківська, 70а  Близенько 2.00 грн",2025-10-25 19:00:29,23129,0.0,0.0,2780.5,igor,igor
157,"Личаківська, 70а  Близенько 2.00 грн",2025-11-05 16:37:04,23129,0.0,2553.0,0.0,igor,igor
157,"Личаківська, 70а  Близенько 2.00 грн",2025-11-05 16:37:08,23129,0.0,0.0,2969.5,igor,igor
157,"Личаківська, 70а  Близенько 2.00 грн",2025-11-11 20:54:48,23129,0.0,1191.0,0.0,igor,igor
157,"Личаківська, 70а  Близенько 2.00 грн",2025-11-11 20:54:52,23129,0.0,0.0,1431.0,igor,igor
286,"Личаківська, 86  Близенько 2.00 грн",2025-10-26 18:25:24,23129,0.0,1677.0,0.0,igor,igor
286,"Личаківська, 86  Близенько 2.00 грн",2025-10-26 18:25:35,23129,0.0,0.0,1926.0,igor,igor
337,"Любінська, 4 Близенько 1.50 грн",2025-10-29 19:13:41,24662,0.0,5889.0,0.0,dmutro,dmutro
328,"Мазепи, 26 Близенько 2.00 грн",2025-11-02 13:26:07,3051,0.0,637.0,0.0,igor,igor
328,"Мазепи, 26 Близенько 2.00 грн",2025-11-02 13:26:13,3051,0.0,0.0,1412.0,igor,igor
198,"Малоголосківська, 16  Близенько 2.00 грн",2025-10-26 20:06:09,23129,0.0,3527.0,0.0,igor,igor
198,"Малоголосківська, 16  Близенько 2.00 грн",2025-10-26 20:06:15,23129,0.0,0.0,3670.5,igor,igor
198,"Малоголосківська, 16  Близенько 2.00 грн",2025-11-15 16:54:56,23129,0.0,2287.0,0.0,igor,igor
198,"Малоголосківська, 16  Близенько 2.00 грн",2025-11-15 16:55:02,23129,0.0,0.0,2992.5,igor,igor
287,"Марка Вовчка,  24  Чарка  2.00 грн",2025-10-31 10:21:29,24662,0.0,2451.0,0.0,dmutro,dmutro
287,"Марка Вовчка,  24  Чарка  2.00 грн",2025-10-31 10:21:48,24662,0.0,0.0,4464.5,dmutro,dmutro
287,"Марка Вовчка,  24  Чарка  2.00 грн",2025-10-31 10:21:57,24662,0.0,0.0,0.0,dmutro,dmutro
203,"Медової печери,  65  Близенько 1.50 грн",2025-10-30 11:41:18,14147,0.0,3300.0,0.0,ruslan,ruslan
203,"Медової печери,  65  Близенько 1.50 грн",2025-10-30 11:41:24,14147,0.0,0.0,3570.0,ruslan,ruslan
60,"Мечнікова, 16е  Близенько  2.00 грн",2025-10-31 14:11:25,14147,0.0,6024.0,0.0,ruslan,ruslan
60,"Мечнікова, 16е  Близенько  2.00 грн",2025-10-31 14:11:33,14147,0.0,0.0,4210.5,ruslan,ruslan
188,"Миколайчука, 4а  Близенько 2.00 грн",2025-10-27 16:29:40,3051,0.0,2468.0,0.0,igor,igor
188,"Миколайчука, 4а  Близенько 2.00 грн",2025-10-27 16:29:45,3051,0.0,0.0,3017.0,igor,igor
120,"Мікльоша, 17  Близенько  1.50  грн",2025-11-03 10:10:49,24662,0.0,391.0,0.0,dmutro,dmutro
120,"Мікльоша, 17  Близенько  1.50  грн",2025-11-03 10:11:05,24662,0.0,0.0,963.5,dmutro,dmutro
199,"Мундяк Марії,  8  Близенько 2.00 грн",2025-10-31 17:58:28,0,0.0,0.0,0.0,dmutro,dmutro
199,"Мундяк Марії,  8  Близенько 2.00 грн",2025-10-31 18:00:04,0,0.0,0.0,1.0,dmutro,dmutro
199,"Мундяк Марії,  8  Близенько 2.00 грн",2025-10-31 18:00:05,0,0.0,0.0,0.0,dmutro,dmutro
61,"Наливайка,  20  Близенько  2.00 грн",2025-10-25 20:26:43,23129,0.0,1301.0,0.0,igor,igor
61,"Наливайка,  20  Близенько  2.00 грн",2025-10-25 20:26:50,23129,0.0,0.0,2174.0,igor,igor
229,"Наукова,  59  Близенько  1.50 грн",2025-10-30 21:15:10,0,0.0,0.0,0.0,dmutro,dmutro
229,"Наукова,  59  Близенько  1.50 грн",2025-10-30 21:15:26,0,0.0,0.0,0.0,dmutro,dmutro
343,"Наукова, 10а Близенько 0.50 грн",2025-10-27 11:39:10,24662,0.0,0.0,880.5,dmutro,dmutro
343,"Наукова, 10а Близенько 0.50 грн",2025-10-27 11:39:20,24662,0.0,801.0,0.0,dmutro,dmutro
245,"Наукова, 96  Близенько 1.50 грн",2025-10-20 09:13:36,24662,0.0,1310.0,0.0,dmutro,dmutro
245,"Наукова, 96  Близенько 1.50 грн",2025-10-20 09:13:43,24662,0.0,0.0,1472.5,dmutro,dmutro
245,"Наукова, 96  Близенько 1.50 грн",2025-11-03 11:09:40,24662,0.0,1030.0,0.0,dmutro,dmutro
196,"Ніжинська, 16  Близенько  2.00 грн",2025-10-26 19:11:03,23129,0.0,2931.0,0.0,igor,igor
196,"Ніжинська, 16  Близенько  2.00 грн",2025-10-26 19:11:12,23129,0.0,0.0,0.0,igor,igor
196,"Ніжинська, 16  Близенько  2.00 грн",2025-11-11 19:46:14,0,0.0,26.0,0.0,igor,igor
196,"Ніжинська, 16  Близенько  2.00 грн",2025-11-11 19:46:25,0,0.0,0.0,0.0,igor,igor
196,"Ніжинська, 16  Близенько  2.00 грн",2025-11-17 15:43:58,0,0.0,798.0,0.0,igor,igor
196,"Ніжинська, 16  Близенько  2.00 грн",2025-11-17 15:44:05,0,0.0,0.0,0.0,igor,igor
298,"Освицька, 1 Близенько 1.00 грн",2025-10-31 17:42:31,0,0.0,1383.0,0.0,ruslan,ruslan
298,"Освицька, 1 Близенько 1.00 грн",2025-10-31 17:42:36,0,0.0,0.0,0.75,ruslan,ruslan
59,"Очеретяна, 10  Близенько 1.50 грн",2025-11-08 20:56:39,0,0.0,683.0,0.0,igor,igor
59,"Очеретяна, 10  Близенько 1.50 грн",2025-11-08 20:56:51,0,0.0,0.0,0.5,igor,igor
227,"Пасічна, 171  Близенько 1.50 грн",2025-10-31 17:18:12,14147,0.0,888.0,0.0,ruslan,ruslan
227,"Пасічна, 171  Близенько 1.50 грн",2025-10-31 17:18:21,14147,0.0,0.0,1314.5,ruslan,ruslan
281,"Пасічна, 84а  Близенько 2.00 грн",2025-10-30 14:06:06,14147,0.0,1053.0,0.0,ruslan,ruslan
281,"Пасічна, 84а  Близенько 2.00 грн",2025-10-30 14:06:15,14147,0.0,0.0,1510.5,ruslan,ruslan
119,"Пекарська, 14  Близенько  2.00 грн",2025-10-26 16:45:35,23129,0.0,7189.0,0.0,igor,igor
119,"Пекарська, 14  Близенько  2.00 грн",2025-10-26 16:45:41,23129,0.0,0.0,4550.0,igor,igor
119,"Пекарська, 14  Близенько  2.00 грн",2025-11-13 18:22:04,23129,0.0,0.0,2597.0,igor,igor
119,"Пекарська, 14  Близенько  2.00 грн",2025-11-13 18:22:11,23129,0.0,4388.0,0.0,igor,igor
208,"Петлюри, 2а  Кафе 2.00 грн",2025-10-27 16:04:11,14147,0.0,601.0,0.0,ruslan,ruslan
208,"Петлюри, 2а  Кафе 2.00 грн",2025-10-27 16:04:17,14147,0.0,0.0,1053.5,ruslan,ruslan
238,"Під Голоском,  24б   Близенько 1.50 грн",2025-10-23 19:15:03,9586,0.0,2.0,0.0,igor,igor
238,"Під Голоском,  24б   Близенько 1.50 грн",2025-10-23 19:15:08,9586,0.0,0.0,819.5,igor,igor
238,"Під Голоском,  24б   Близенько 1.50 грн",2025-10-27 11:24:39,9586,0.0,0.0,131.0,igor,igor
238,"Під Голоском,  24б   Близенько 1.50 грн",2025-10-27 11:24:45,9586,0.0,0.0,0.0,igor,igor
182,"Повітряна, 78  Близенько 2.00 грн",2025-10-31 18:53:30,24662,0.0,1131.0,0.0,dmutro,dmutro
182,"Повітряна, 78  Близенько 2.00 грн",2025-10-31 18:53:38,24662,0.0,0.0,1566.0,dmutro,dmutro
86,"просп. Свободи, 1/3 Близенько  2.00 грн",2025-10-26 21:35:03,23129,0.0,4220.0,0.0,igor,igor
86,"просп. Свободи, 1/3 Близенько  2.00 грн",2025-10-26 21:35:09,23129,0.0,0.0,4331.5,igor,igor
86,"просп. Свободи, 1/3 Близенько  2.00 грн",2025-11-14 15:59:05,23129,0.0,3169.0,0.0,igor,igor
86,"просп. Свободи, 1/3 Близенько  2.00 грн",2025-11-14 15:59:12,23129,0.0,0.0,2678.0,igor,igor
218,"просп.В.Чорновола,  7а  Близенько  2.00 грн",2025-11-06 17:25:46,23129,0.0,4493.0,0.0,igor,igor
218,"просп.В.Чорновола,  7а  Близенько  2.00 грн",2025-11-06 17:25:51,23129,0.0,0.0,5119.0,igor,igor
113,"просп.В.Чорновола, 101  Близенько 2.00 грн",2025-10-28 21:02:43,0,0.0,2404.0,0.0,igor,igor
113,"просп.В.Чорновола, 101  Близенько 2.00 грн",2025-10-28 21:02:49,0,0.0,0.0,36.06,igor,igor
113,"просп.В.Чорновола, 101  Близенько 2.00 грн",2025-11-17 18:10:12,0,0.0,1682.0,0.0,igor,igor
113,"просп.В.Чорновола, 101  Близенько 2.00 грн",2025-11-17 18:10:15,0,0.0,0.0,42.92,igor,igor
264,"просп.В.Чорновола, 55  Близенько 2.00 грн",2025-11-06 16:21:55,9586,0.0,2572.0,0.0,igor,igor
264,"просп.В.Чорновола, 55  Близенько 2.00 грн",2025-11-06 16:22:01,9586,0.0,0.0,4805.5,igor,igor
192,"просп.В.Чорновола, 67ж  Близенько 1.50 грн",2025-11-06 21:09:51,0,0.0,536.0,0.0,igor,igor
192,"просп.В.Чорновола, 67ж  Близенько 1.50 грн",2025-11-06 21:10:00,0,0.0,0.0,301.06,igor,igor
124,"просп.В.Чорновола, 69  Близенько 2.00 грн",2025-11-06 20:56:16,23129,0.0,441.0,0.0,igor,igor
124,"просп.В.Чорновола, 69  Близенько 2.00 грн",2025-11-06 20:56:20,23129,0.0,0.0,4171.5,igor,igor
314,"Пулюя, 29  Близенько 2.00 грн",2025-10-27 17:46:43,14147,0.0,2328.0,0.0,ruslan,ruslan
314,"Пулюя, 29  Близенько 2.00 грн",2025-10-27 17:46:50,14147,0.0,0.0,4299.0,ruslan,ruslan
279,"Пулюя, 40  Близенько 1.50 грн",2025-10-27 17:37:21,0,0.0,501.0,0.0,ruslan,ruslan
53,"Родини Крушельницьких, 1а  Близенько 2.00 грн",2025-10-31 13:05:59,14147,0.0,6635.0,0.0,ruslan,ruslan
53,"Родини Крушельницьких, 1а  Близенько 2.00 грн",2025-10-31 13:06:06,14147,0.0,0.0,6980.0,ruslan,ruslan
204,"Роксоляни, 57  Близенько 2.00 грн",2025-10-25 11:46:05,24662,0.0,2007.0,0.0,dmutro,dmutro
204,"Роксоляни, 57  Близенько 2.00 грн",2025-10-25 11:46:12,24662,0.0,0.0,4141.0,dmutro,dmutro
276,"Рудненська,  8ж  Близенько 2.00 грн",2025-10-21 19:45:07,0,0.0,2947.0,0.0,dmutro,dmutro
276,"Рудненська,  8ж  Близенько 2.00 грн",2025-10-21 19:45:12,0,0.0,0.0,2412.5,dmutro,dmutro
276,"Рудненська,  8ж  Близенько 2.00 грн",2025-10-31 19:19:49,24662,0.0,857.0,0.0,dmutro,dmutro
276,"Рудненська,  8ж  Близенько 2.00 грн",2025-10-31 19:20:02,24662,0.0,0.0,1156.5,dmutro,dmutro
296,"Садівнича, 27 Близенько 2.00 грн",2025-10-30 12:43:27,14147,0.0,3048.0,0.0,ruslan,ruslan
296,"Садівнича, 27 Близенько 2.00 грн",2025-10-30 12:43:34,14147,0.0,0.0,2716.5,ruslan,ruslan
121,"Сахарова, 60 Близенько 2.00 грн",2025-11-03 20:35:01,24662,0.0,2587.0,0.0,dmutro,dmutro
121,"Сахарова, 60 Близенько 2.00 грн",2025-11-03 20:35:20,24662,0.0,0.0,2403.5,dmutro,dmutro
12,"Січових Стрільців, 13 Близенько 2.00 грн",2025-10-25 22:09:56,23129,0.0,2997.0,0.0,igor,igor
12,"Січових Стрільців, 13 Близенько 2.00 грн",2025-10-25 22:10:03,23129,0.0,0.0,2857.5,igor,igor
12,"Січових Стрільців, 13 Близенько 2.00 грн",2025-11-11 21:28:41,23129,0.0,3477.0,0.0,igor,igor
12,"Січових Стрільців, 13 Близенько 2.00 грн",2025-11-11 21:28:49,23129,0.0,0.0,3454.5,igor,igor
12,"Січових Стрільців, 13 Близенько 2.00 грн",2025-11-17 22:47:22,23129,0.0,908.0,0.0,igor,igor
12,"Січових Стрільців, 13 Близенько 2.00 грн",2025-11-17 22:47:34,23129,0.0,0.0,1089.0,igor,igor
183,"Скорини, 44 Близенько 1.50 грн",2025-10-25 16:30:38,14147,0.0,153.0,0.0,ruslan,ruslan
183,"Скорини, 44 Близенько 1.50 грн",2025-10-25 16:30:51,14147,0.0,0.0,640.0,ruslan,ruslan
228,"Сокільники, Весняна, 18 Близенько 1.50 грн",2025-10-31 20:23:19,24662,0.0,2388.0,0.0,dmutro,dmutro
228,"Сокільники, Весняна, 18 Близенько 1.50 грн",2025-10-31 20:23:24,24662,0.0,0.0,2197.5,dmutro,dmutro
302,"Сокільники, Г.Сковороди, 56  Близенько 1.50 грн",2025-10-31 19:52:02,24662,0.0,1084.0,0.0,dmutro,dmutro
302,"Сокільники, Г.Сковороди, 56  Близенько 1.50 грн",2025-10-31 19:52:14,24662,0.0,0.0,630.0,dmutro,dmutro
217,"Сокільники, Героїв Майдану, 17в Близенько 2.00 грн",2025-10-27 18:13:29,14147,0.0,1725.0,0.0,ruslan,ruslan
217,"Сокільники, Героїв Майдану, 17в Близенько 2.00 грн",2025-10-27 18:13:45,14147,0.0,0.0,1475.5,ruslan,ruslan
341,"Сокільники, Збройних сил України, 2 1.50 грн",2025-10-28 13:27:43,24662,0.0,2628.0,0.0,dmutro,dmutro
341,"Сокільники, Збройних сил України, 2 1.50 грн",2025-10-28 13:27:52,24662,0.0,0.0,1644.0,dmutro,dmutro
316,"Стрийська, 108  ЖК Національний 1.50 грн",2025-11-01 14:22:30,14147,0.0,32918.0,0.0,ruslan,ruslan
316,"Стрийська, 108  ЖК Національний 1.50 грн",2025-11-01 14:22:38,14147,0.0,0.0,12362.0,ruslan,ruslan
265,"Стрийська, 115 Близенько 1.50 грн",2025-11-03 09:18:40,24662,0.0,663.0,0.0,dmutro,dmutro
265,"Стрийська, 115 Близенько 1.50 грн",2025-11-03 09:18:49,24662,0.0,0.0,1215.0,dmutro,dmutro
244,"Стрийська, 45в Близенько 1.50 грн",2025-10-29 18:20:12,14147,0.0,948.0,0.0,ruslan,ruslan
244,"Стрийська, 45в Близенько 1.50 грн",2025-10-29 18:20:21,14147,0.0,0.0,0.0,ruslan,ruslan
244,"Стрийська, 45в Близенько 1.50 грн",2025-10-29 18:20:37,14147,0.0,0.0,1551.0,ruslan,ruslan
244,"Стрийська, 45в Близенько 1.50 грн",2025-10-29 18:20:48,14147,0.0,0.0,0.0,ruslan,ruslan
127,"Стрийська, 51 Близенько 2.00 грн",2025-10-25 15:43:14,14147,0.0,1337.0,0.0,ruslan,ruslan
127,"Стрийська, 51 Близенько 2.00 грн",2025-10-25 15:43:21,14147,0.0,0.0,1566.5,ruslan,ruslan
50,"Стрийська, 61  Близенько 1.50 грн",2025-11-03 08:20:59,0,0.0,569.0,0.0,dmutro,dmutro
50,"Стрийська, 61  Близенько 1.50 грн",2025-11-03 08:21:13,0,0.0,0.0,1.25,dmutro,dmutro
323,"Суботівська, 10а Близенько 1.50 грн",2025-10-31 18:19:03,24662,0.0,1286.0,0.0,dmutro,dmutro
323,"Суботівська, 10а Близенько 1.50 грн",2025-10-31 18:19:08,24662,0.0,0.0,765.0,dmutro,dmutro
323,"Суботівська, 10а Близенько 1.50 грн",2025-10-31 18:35:07,24662,0.0,20.0,0.0,dmutro,dmutro
214,"Суботівська, 7 Близенько 1.50 грн",2025-10-31 18:42:12,24662,0.0,700.0,0.0,dmutro,dmutro
214,"Суботівська, 7 Близенько 1.50 грн",2025-10-31 18:42:19,24662,0.0,0.0,648.0,dmutro,dmutro
56,"Тернопільська, 21 Близенько 1.50 грн",2025-10-29 13:09:20,0,0.0,10.0,0.0,ruslan,ruslan
56,"Тернопільська, 21 Близенько 1.50 грн",2025-10-29 13:09:27,0,0.0,0.0,24.0,ruslan,ruslan
174,"Тернопільська, 8 Близенько 2.00 грн",2025-10-29 15:15:43,14147,0.0,3034.0,0.0,ruslan,ruslan
174,"Тернопільська, 8 Близенько 2.00 грн",2025-10-29 15:15:55,14147,0.0,0.0,3123.5,ruslan,ruslan
122,"Тичини, 14 Близенько 2.00 грн",2025-11-06 20:31:19,23129,0.0,5232.0,0.0,igor,igor
122,"Тичини, 14 Близенько 2.00 грн",2025-11-06 20:31:27,23129,0.0,0.0,4534.0,igor,igor
319,"Тракт Глинянський, 163 Сімі 1.50 грн",2025-10-28 15:30:26,23129,0.0,798.0,0.0,igor,igor
319,"Тракт Глинянський, 163 Сімі 1.50 грн",2025-10-28 15:30:31,23129,0.0,0.0,1193.0,igor,igor
319,"Тракт Глинянський, 163 Сімі 1.50 грн",2025-11-22 16:37:45,23129,0.0,1045.0,0.0,igor,igor
319,"Тракт Глинянський, 163 Сімі 1.50 грн",2025-11-22 16:37:50,23129,0.0,0.0,1265.5,igor,igor
200,"Трускавецька, 129 Близенько 2.00 грн",2025-10-27 17:02:16,14147,0.0,1924.0,0.0,ruslan,ruslan
200,"Трускавецька, 129 Близенько 2.00 грн",2025-10-27 17:02:22,14147,0.0,0.0,2818.0,ruslan,ruslan
155,"Угорська, 12 Близенько 1.50 грн",2025-10-29 13:28:57,14147,0.0,1434.0,0.0,ruslan,ruslan
155,"Угорська, 12 Близенько 1.50 грн",2025-10-29 13:29:16,14147,0.0,0.0,806.0,ruslan,ruslan
206,"Угорська, 14б Близенько 2.00 грн",2025-10-29 14:01:16,14147,0.0,474.0,0.0,ruslan,ruslan
206,"Угорська, 14б Близенько 2.00 грн",2025-10-29 14:01:24,14147,0.0,0.0,1156.5,ruslan,ruslan
321,"Федьковича, 24 Близенько 1.50 грн",2025-10-29 21:19:48,0,0.0,42.0,0.0,dmutro,dmutro
321,"Федьковича, 24 Близенько 1.50 грн",2025-10-29 21:20:15,0,0.0,0.0,80.0,dmutro,dmutro
321,"Федьковича, 24 Близенько 1.50 грн",2025-10-29 21:20:19,0,0.0,0.0,0.0,dmutro,dmutro
176,"Федьковича, 38  Близенько 2.00 грн",2025-10-29 21:31:25,24662,0.0,2622.0,0.0,dmutro,dmutro
176,"Федьковича, 38  Близенько 2.00 грн",2025-10-29 21:31:31,24662,0.0,0.0,1823.0,dmutro,dmutro
112,"Франка, 69  Близенько 2.00 грн",2025-10-24 12:48:10,9576,0.0,0.0,2030.0,igor,igor
112,"Франка, 69  Близенько 2.00 грн",2025-10-24 12:48:19,9576,0.0,1772.0,0.0,igor,igor
246,"Хмельницького, 257 Близенько 2.00 грн",2025-11-08 19:50:45,23129,0.0,3482.0,0.0,igor,igor
246,"Хмельницького, 257 Близенько 2.00 грн",2025-11-08 19:50:50,23129,0.0,0.0,2977.0,igor,igor
185,"Хмельницького, 76 Близенько 2.00 грн",2025-10-25 21:29:58,23129,0.0,1687.0,0.0,igor,igor
185,"Хмельницького, 76 Близенько 2.00 грн",2025-10-25 21:30:04,23129,0.0,0.0,2849.5,igor,igor
185,"Хмельницького, 76 Близенько 2.00 грн",2025-11-08 17:18:56,23129,0.0,1732.0,0.0,igor,igor
185,"Хмельницького, 76 Близенько 2.00 грн",2025-11-08 17:19:00,23129,0.0,0.0,2765.5,igor,igor
256,"Художня, 4  Близенько 2.00 грн",2025-10-31 12:58:48,24662,0.0,653.0,0.0,dmutro,dmutro
256,"Художня, 4  Близенько 2.00 грн",2025-10-31 12:58:55,24662,0.0,0.0,1013.5,dmutro,dmutro
317,"Цегельского, 10  Близенько 2.00 грн",2025-10-27 10:23:17,24662,0.0,1007.0,0.0,dmutro,dmutro
317,"Цегельского, 10  Близенько 2.00 грн",2025-10-27 10:23:24,24662,0.0,0.0,1079.5,dmutro,dmutro
278,"Чупринки, 84  Близенько  2.00 грн",2025-10-28 08:12:15,24662,0.0,2722.0,0.0,dmutro,dmutro
278,"Чупринки, 84  Близенько  2.00 грн",2025-10-28 08:12:23,24662,0.0,0.0,2868.5,dmutro,dmutro
104,"Шевченка, 111 Близенько 1.50 грн",2025-10-24 16:58:03,0,0.0,43.0,0.0,ruslan,ruslan
104,"Шевченка, 111 Близенько 1.50 грн",2025-10-24 16:58:13,0,0.0,0.0,0.0,ruslan,ruslan
247,"Шевченка, 31б  Близенько 2.00 грн",2025-10-29 12:31:07,24662,0.0,2796.0,0.0,dmutro,dmutro
247,"Шевченка, 31б  Близенько 2.00 грн",2025-10-29 12:31:15,24662,0.0,0.0,3853.0,dmutro,dmutro
189,"Шевченка, 45  Близенько 1.50 грн",2025-10-31 09:12:32,24662,0.0,2131.0,0.0,dmutro,dmutro
189,"Шевченка, 45  Близенько 1.50 грн",2025-10-31 09:12:38,24662,0.0,0.0,1236.0,dmutro,dmutro
177,"Шевченка, 80 Близенько  1.50 грн",2025-10-31 09:49:08,24662,0.0,1821.0,0.0,dmutro,dmutro
177,"Шевченка, 80 Близенько  1.50 грн",2025-10-31 09:49:25,24662,0.0,0.0,2672.5,dmutro,dmutro
210,"Широка, 96а  Близенько 1.50 грн",2025-10-29 15:20:17,24662,0.0,2175.0,0.0,dmutro,dmutro
210,"Широка, 96а  Близенько 1.50 грн",2025-10-29 15:20:45,24662,0.0,0.0,5200.25,dmutro,dmutro
123,"Щурата, 9  Близенько 1.50 грн",2025-11-08 21:22:05,23129,0.0,1952.0,0.0,igor,igor
123,"Щурата, 9  Близенько 1.50 грн",2025-11-08 21:22:09,23129,0.0,0.0,4588.5,igor,igor
211,"Яворницького, 8  Близенько 2.00 грн",2025-10-27 14:32:48,14147,0.0,1633.0,0.0,ruslan,ruslan
211,"Яворницького, 8  Близенько 2.00 грн",2025-10-27 14:32:58,14147,0.0,0.0,2314.0,ruslan,ruslan
