data,aparat,start,texnik,end,kol-time,v_doroge,fir_point,last_point
2025-10-22,"В.Великого, 75 Близенько 1.50 грн",12:59:50,dmutro,13:10:06,10,,12:59:50,13:10:06
2025-10-22,"Генерала Тарнавського, 104б Близенько 2.00 грн",13:19:01,Руслан,13:46:00,26,,13:19:01,13:46:00
2025-10-22,"Грушевського, 7/9 Близенько 2.00 грн",20:42:55,Ігор,20:50:44,7,,20:42:55,20:50:44
2025-10-22,"Грінченка, 6 Близенько 1.50 грн",09:57:48,igor,09:58:13,0,,09:57:48,09:58:13
2025-10-22,"Замарстинівська, 170б Близенько 2.00 грн",16:44:34,igor,16:46:34,2,,16:44:34,16:46:34
2025-10-22,"Князя Романа, 9 Близенько 2.00 грн",18:02:09,Ігор,20:33:23,151,,18:02:09,20:33:23
2025-10-22,"Марка Вовчка, 24 Чарка 2.00 грн",11:08:54,Дмитро,11:09:04,0,,11:08:54,11:09:04
2025-10-22,"Наукова, 96 Близенько 1.50 грн",13:24:28,Дмитро,13:24:31,0,,13:24:28,13:24:31
2025-10-22,"Стрийська, 51 Близенько 2.00 грн",15:06:23,Руслан,16:04:50,58,,15:06:23,16:04:50
2025-10-22,"Шевченка, 31б Близенько 2.00 грн",08:52:56,dmutro,11:03:15,130,,08:52:56,11:03:15
2025-10-23,"Антонича, 6 Близенько 2.00 грн",15:00:55,Руслан,15:10:06,9,,15:00:55,15:10:06
2025-10-23,"Багряного, 39 Близенько 2.00 грн",16:28:20,ruslan,16:33:40,5,,16:28:20,16:33:40
2025-10-23,"В.Великого, 103 Близенько 1.50 грн",20:45:56,dmutro,20:46:08,0,,20:45:56,20:46:08
2025-10-23,"Дзиндри, 1а Близенько 2.00 грн",08:56:02,Дмитро,08:58:41,2,,08:56:02,08:58:41
2025-10-23,"Кубійовича, 31 Близенько 2.0",12:15:25,Руслан,12:31:32,16,,12:15:25,12:31:32
2025-10-23,"Наукова, 10а Близенько 0.50 грн",20:30:28,Дмитро,20:30:30,0,,20:30:28,20:30:30
2025-10-23,"Пулюя, 29 Близенько 2.00 грн",15:40:01,ruslan,15:49:58,9,,15:40:01,15:49:58
2025-10-23,"Пулюя, 40 Близенько 1.50 грн",15:59:19,ruslan,15:59:23,0,,15:59:19,15:59:23
2025-10-23,"Під Голоском, 24б Близенько 1.50 грн",19:13:12,igor,19:15:13,2,,19:13:12,19:15:13
2025-10-23,"Стрийська, 61 Близенько 1.50 грн",19:01:22,dmutro,19:10:03,8,,19:01:22,19:10:03
2025-10-23,"Федьковича, 24 Близенько 1.50 грн",09:51:55,dmutro,10:03:52,11,,09:51:55,10:03:52
2025-10-23,"Шевченка, 111 Близенько 1.50 грн",17:55:53,ruslan,18:04:56,9,,17:55:53,18:04:56
2025-10-24,"Брюховицька, 143 Близенько 2.00 грн",14:57:58,Руслан,15:04:51,6,,14:57:58,15:04:51
2025-10-24,"Брюховичі Івасюка, 1 Близенько 2.00 грн",14:13:25,Руслан,14:31:36,18,,14:13:25,14:31:36
2025-10-24,"Брюховичі Львівська, 92 Близенько 2.00 грн",13:39:05,Руслан,13:42:49,3,,13:39:05,13:42:49
2025-10-24,"Біберовича, 11 Близенько 1.50 грн",15:46:39,Руслан,15:47:09,0,,15:46:39,15:47:09
2025-10-24,"Гашека, 17 Близенько 1.50 грн",18:51:06,Дмитро,18:55:16,4,,18:51:06,18:55:16
2025-10-24,"Зарицьких, 5 Близенько 2.00 грн",12:52:59,Ігор,13:03:17,10,,12:52:59,13:03:17
2025-10-24,"Марка Вовчка, 24 Чарка 2.00 грн",21:37:18,Дмитро,21:37:26,0,,21:37:18,21:37:26
2025-10-24,"Мундяк Марії, 8 Близенько 2.00 грн",09:52:03,dmutro,09:54:40,2,,09:52:03,09:54:40
2025-10-24,"Суботівська, 10а Близенько 1.50 грн",10:19:39,Дмитро,10:19:42,0,,10:19:39,10:19:42
2025-10-24,"Суботівська, 7 Близенько 1.50 грн",09:39:08,Дмитро,09:39:13,0,,09:39:08,09:39:13
2025-10-24,"Франка, 69 Близенько 2.00 грн",12:43:40,Ігор,12:49:43,6,,12:43:40,12:49:43
2025-10-24,"Шевченка, 111 Близенько 1.50 грн",16:57:56,ruslan,17:06:44,8,,16:57:56,17:06:44
2025-10-25,"Веливока, 9 Близенько 2.00 грн",14:17:36,Ігор,15:12:33,54,,14:17:36,15:12:33
2025-10-25,"Винники, Сахарова, 10 Близенько 2.00 грн",15:50:18,Ігор,16:25:45,35,,15:50:18,16:25:45
2025-10-25,"Городоцька, 226а Близенько 2.00 грн",11:48:19,Руслан,11:54:45,6,,11:48:19,11:54:45
2025-10-25,"Грушевського, 7/9 Близенько 2.00 грн",20:54:36,Ігор,20:59:56,5,,20:54:36,20:59:56
2025-10-25,"Демнянська, 26 Близенько 1.50 грн",16:15:47,Руслан,16:26:33,10,,16:15:47,16:26:33
2025-10-25,"Зелена, 204 Близенько 2.00 грн",17:42:23,Руслан,18:07:10,24,,17:42:23,18:07:10
2025-10-25,"Зимна Вода, Тичини, 9 Близенько 1.50 грн",12:08:52,ruslan,12:16:46,7,,12:08:52,12:16:46
2025-10-25,"Князя Романа, 9 Близенько 2.00 грн",21:11:18,Ігор,21:13:38,2,,21:11:18,21:13:38
2025-10-25,"Котика, 9 Близенько 2.00 грн",17:25:42,igor,17:57:16,31,,17:25:42,17:57:16
2025-10-25,"Кульпарківська, 230 Близенько 2.00 грн",18:51:05,ruslan,18:56:40,5,,18:51:05,18:56:40
2025-10-25,"Лапаївка, Геофізиків, 17 Близенько 2.00 грн",12:39:47,Руслан,12:46:23,6,,12:39:47,12:46:23
2025-10-25,"Личаківська, 70а Близенько 2.00 грн",18:14:56,Ігор,19:57:27,102,,18:14:56,19:57:27
2025-10-25,"Наливайка, 20 Близенько 2.00 грн",20:11:30,Ігор,20:35:10,23,,20:11:30,20:35:10
2025-10-25,"Повітряна, 78 Близенько 2.00 грн",11:23:36,Дмитро,11:23:40,0,,11:23:36,11:23:40
2025-10-25,"Роксоляни, 57 Близенько 2.00 грн",11:45:58,Дмитро,11:46:20,0,,11:45:58,11:46:20
2025-10-25,"Скорини, 44 Близенько 1.50 грн",16:30:24,Руслан,16:34:13,3,,16:30:24,16:34:13
2025-10-25,"Стрийська, 51 Близенько 2.00 грн",15:43:03,Руслан,15:50:05,7,,15:43:03,15:50:05
2025-10-25,"Січових Стрільців, 13 Близенько 2.00 грн",22:09:51,Ігор,22:37:50,27,,22:09:51,22:37:50
2025-10-25,"Хмельницького, 76 Близенько 2.00 грн",21:29:53,Ігор,22:00:46,30,,21:29:53,22:00:46
2025-10-25,"Шевченка, 31б Близенько 2.00 грн",11:04:45,dmutro,11:05:08,0,,11:04:45,11:05:08
2025-10-25,"Широка, 96а Близенько 1.50 грн",11:49:02,Дмитро,11:49:13,0,,11:49:02,11:49:13
2025-10-26,"Зелена, 17 Сімі 2.00 грн",15:57:39,igor,16:03:31,5,,15:57:39,16:03:31
2025-10-26,"Кульпарківська, 59 Близенько 2.00 грн",11:14:53,Дмитро,11:14:55,0,,11:14:53,11:14:55
2025-10-26,"Липинського, 29 Близенько 2.00 грн",19:42:52,Ігор,19:48:24,5,,19:42:52,19:48:24
2025-10-26,"Личаківська, 163 Близенько 2.00 грн",18:56:17,Ігор,18:58:29,2,,18:56:17,18:58:29
2025-10-26,"Личаківська, 86 Близенько 2.00 грн",17:56:34,Ігор,18:26:24,29,,17:56:34,18:26:24
2025-10-26,"Малоголосківська, 16 Близенько 2.00 грн",19:59:52,Ігор,20:28:36,28,,19:59:52,20:28:36
2025-10-26,"Наливайка, 20 Близенько 2.00 грн",20:42:08,Ігор,20:44:00,1,,20:42:08,20:44:00
2025-10-26,"Ніжинська, 16 Близенько 2.00 грн",19:10:50,igor,19:19:11,8,,19:10:50,19:19:11
2025-10-26,"Пекарська, 14 Близенько 2.00 грн",16:25:23,Ігор,17:36:33,71,,16:25:23,17:36:33
2025-10-26,"Січових Стрільців, 13 Близенько 2.00 грн",20:49:45,Ігор,20:57:23,7,,20:49:45,20:57:23
2025-10-26,"Цегельского, 10 Близенько 2.00 грн",12:03:53,Дмитро,12:04:17,0,,12:03:53,12:04:17
2025-10-26,"просп. Свободи, 1/3 Близенько 2.00 грн",21:07:12,Ігор,21:37:31,30,,21:07:12,21:37:31
2025-10-27,"Багряного, 39 Близенько 2.00 грн",14:15:34,Руслан,14:23:08,7,,14:15:34,14:23:08
2025-10-27,"В.Великого, 1 Близенько 2.00 грн",08:02:23,Дмитро,08:16:28,14,,08:02:23,08:16:28
2025-10-27,"В.Великого, 35а Близенько 2.00 грн",13:34:33,Дмитро,18:33:10,298,,13:34:33,18:33:10
2025-10-27,"Ветеранів, 5 ОСББ 1.50 грн",12:25:10,,12:26:06,0,,12:25:10,12:26:06
2025-10-27,"Виговського, 5 Сімі 2.00 грн",13:34:38,Руслан,13:45:39,11,,13:34:38,13:45:39
2025-10-27,"Виговського, 5б Близенько 1.50 грн",13:53:23,ruslan,14:03:35,10,,13:53:23,14:03:35
2025-10-27,"Гайдамацька, 9а Близенько 2.00 грн",19:37:35,Ігор,19:53:10,15,,19:37:35,19:53:10
2025-10-27,"Городоцька, 213 Близенько 1.50 грн",13:06:18,Руслан,13:09:29,3,,13:06:18,13:09:29
2025-10-27,"Довбуша, 1 Товари з Італії 2.00 грн",18:06:53,Ігор,18:43:29,36,,18:06:53,18:43:29
2025-10-27,"Замарстинівська, 170б Близенько 2.00 грн",20:32:09,Ігор,20:47:31,15,,20:32:09,20:47:31
2025-10-27,"Замарстинівська, 170н Близенько 2.00 грн",20:58:40,Ігор,21:04:34,5,,20:58:40,21:04:34
2025-10-27,"Замарстинівська, 55г Близенько 2.00 грн",20:04:31,Ігор,20:15:04,10,,20:04:31,20:15:04
2025-10-27,"Караджича, 29б Рукавичка 2.00 грн",14:47:56,Руслан,14:55:00,7,,14:47:56,14:55:00
2025-10-27,"Кн.Ольги, 100к Близенько 2.00 грн",11:00:12,Дмитро,11:07:47,7,,11:00:12,11:07:47
2025-10-27,"Кн.Ольги, 98л Фрешка 2.00 грн",10:45:30,Дмитро,10:54:52,9,,10:45:30,10:54:52
2025-10-27,"Кульпарківська, 59 Близенько 2.00 грн",16:40:43,Дмитро,16:49:59,9,,16:40:43,16:49:59
2025-10-27,"Миколайчука, 4а Близенько 2.00 грн",16:28:54,igor,21:30:51,301,,16:28:54,21:30:51
2025-10-27,"Наукова, 10а Близенько 0.50 грн",11:38:28,Дмитро,11:54:42,16,,11:38:28,11:54:42
2025-10-27,"Петлюри, 2а Кафе 2.00 грн",16:04:01,Руслан,16:09:49,5,,16:04:01,16:09:49
2025-10-27,"Пулюя, 29 Близенько 2.00 грн",17:46:33,ruslan,17:50:52,4,,17:46:33,17:50:52
2025-10-27,"Пулюя, 40 Близенько 1.50 грн",17:37:16,ruslan,17:39:35,2,,17:37:16,17:39:35
2025-10-27,"Під Голоском, 24б Близенько 1.50 грн",11:23:52,igor,15:37:52,254,,11:23:52,15:37:52
2025-10-27,"Сокільники, Героїв Майдану, 17в Близенько 2.00 грн",18:13:24,Руслан,18:16:48,3,,18:13:24,18:16:48
2025-10-27,"Січових Стрільців, 13 Близенько 2.00 грн",21:56:11,Ігор,22:01:24,5,,21:56:11,22:01:24
2025-10-27,"Трускавецька, 129 Близенько 2.00 грн",17:02:12,Руслан,17:05:28,3,,17:02:12,17:05:28
2025-10-27,"Цегельского, 10 Близенько 2.00 грн",10:22:25,Дмитро,10:28:40,6,,10:22:25,10:28:40
2025-10-27,"Яворницького, 8 Близенько 2.00 грн",14:32:44,Руслан,14:37:20,4,,14:32:44,14:37:20
2025-10-28,"В.Великого, 35а Близенько 2.00 грн",11:48:55,Дмитро,12:30:58,42,,11:48:55,12:30:58
2025-10-28,"Винники, Сахарова, 10 Близенько 2.00 грн",17:46:07,Ігор,18:34:13,48,,17:46:07,18:34:13
2025-10-28,"Винники, Винна гора, 10б Близенько 2.00 грн",16:49:34,Ігор,19:15:44,146,,16:49:34,19:15:44
2025-10-28,"Винники, Франка, 53 Близенько 1.50 грн",18:56:04,igor,19:02:25,6,,18:56:04,19:02:25
2025-10-28,"Генерала Тарнавського, 104б Близенько 2.00 грн",16:44:24,Руслан,16:56:28,12,,16:44:24,16:56:28
2025-10-28,"Зелена, 204 Близенько 2.00 грн",12:28:44,Руслан,13:26:24,57,,12:28:44,13:26:24
2025-10-28,"Кульпарківська, 135 Близенько 2.00 грн",16:03:22,Руслан,16:07:54,4,,16:03:22,16:07:54
2025-10-28,"Кульпарківська, 172 Близенько 2,00 грн",20:44:45,Дмитро,20:55:43,10,,20:44:45,20:55:43
2025-10-28,"Кульпарківська, 93 Близенько 2.00 грн",21:08:46,Дмитро,21:15:08,6,,21:08:46,21:15:08
2025-10-28,"Лисиничі, Шухевича, 5 Близенько 2.00 грн",15:48:39,Ігор,16:27:12,38,,15:48:39,16:27:12
2025-10-28,"Личаківська, 70а Близенько 2.00 грн",14:39:33,Ігор,14:42:01,2,,14:39:33,14:42:01
2025-10-28,"Наукова, 59 Близенько 1.50 грн",14:35:22,dmutro,14:35:26,0,,14:35:22,14:35:26
2025-10-28,"Під Голоском, 24б Близенько 1.50 грн",09:40:39,igor,09:40:48,0,,09:40:39,09:40:48
2025-10-28,"Сокільники, Збройних сил України, 2 1.50 грн",13:27:37,Дмитро,13:47:11,19,,13:27:37,13:47:11
2025-10-28,"Січових Стрільців, 13 Близенько 2.00 грн",19:38:36,igor,21:41:41,123,,19:38:36,21:41:41
2025-10-28,"Тракт Глинянський, 163 Сімі 1.50 грн",15:15:09,Ігор,15:40:48,25,,15:15:09,15:40:48
2025-10-28,"Чупринки, 84 Близенько 2.00 грн",08:12:09,Дмитро,08:22:06,9,,08:12:09,08:22:06
2025-10-28,"просп.В.Чорновола, 101 Близенько 2.00 грн",20:57:13,igor,21:12:03,14,,20:57:13,21:12:03
2025-10-29,"Бандери, 69 Близенько 2.00 грн",19:36:27,Ігор,20:25:08,48,,19:36:27,20:25:08
2025-10-29,"Братів Міхновських, 23 Близенько 2.00 грн",19:34:57,Дмитро,20:32:47,57,,19:34:57,20:32:47
2025-10-29,"Дністерська, 1 Близенько 1.50 грн",17:22:58,Руслан,17:28:06,5,,17:22:58,17:28:06
2025-10-29,"Дунайська, 7 Близенько 1.50 грн",16:49:40,Руслан,17:09:02,19,,16:49:40,17:09:02
2025-10-29,"Залізнична, 21 Близенько 1.50 грн",16:22:02,dmutro,16:26:26,4,,16:22:02,16:26:26
2025-10-29,"Золота, 25 Близенько 1.50 грн",13:25:19,Дмитро,13:32:18,6,,13:25:19,13:32:18
2025-10-29,"Кропивницького, 7/9 Близенько 2.00 грн",20:46:34,Дмитро,20:49:09,2,,20:46:34,20:49:09
2025-10-29,"Липова алея, 1 Близенько 1.50 грн",15:47:23,Руслан,16:36:52,49,,15:47:23,16:36:52
2025-10-29,"Личаківська, 4/6 Близенько 2.00 грн",20:58:01,Ігор,21:26:30,28,,20:58:01,21:26:30
2025-10-29,"Любінська, 4 Близенько 1.50 грн",19:13:30,Дмитро,19:19:27,5,,19:13:30,19:19:27
2025-10-29,"Стрийська, 45в Близенько 1.50 грн",18:19:33,Руслан,18:26:21,6,,18:19:33,18:26:21
2025-10-29,"Тернопільська, 21 Близенько 1.50 грн",13:09:13,ruslan,13:11:23,2,,13:09:13,13:11:23
2025-10-29,"Тернопільська, 8 Близенько 2.00 грн",15:15:36,Руслан,15:18:24,2,,15:15:36,15:18:24
2025-10-29,"Угорська, 12 Близенько 1.50 грн",13:28:50,Руслан,13:48:48,19,,13:28:50,13:48:48
2025-10-29,"Угорська, 14б Близенько 2.00 грн",14:01:09,Руслан,14:06:12,5,,14:01:09,14:06:12
2025-10-29,"Федьковича, 24 Близенько 1.50 грн",21:19:41,dmutro,21:23:57,4,,21:19:41,21:23:57
2025-10-29,"Федьковича, 38 Близенько 2.00 грн",21:30:52,Дмитро,21:38:15,7,,21:30:52,21:38:15
2025-10-29,"Шевченка, 31б Близенько 2.00 грн",12:30:53,dmutro,12:57:48,26,,12:30:53,12:57:48
2025-10-29,"Шевченка, 80 Близенько 1.50 грн",14:36:27,Дмитро,14:36:40,0,,14:36:27,14:36:40
2025-10-29,"Широка, 96а Близенько 1.50 грн",15:20:06,Дмитро,15:35:39,15,,15:20:06,15:35:39
2025-10-30,"Гашека, 17 Близенько 1.50 грн",09:02:52,Дмитро,09:06:07,3,,09:02:52,09:06:07
2025-10-30,"Городоцька, 213 Близенько 1.50 грн",17:50:32,Руслан,18:01:39,11,,17:50:32,18:01:39
2025-10-30,"Зелена, 17 Сімі 2.00 грн",16:37:56,Ігор,16:57:34,19,,16:37:56,16:57:34
2025-10-30,"Кульпарківська, 145 Близенько 1.50 грн",21:31:22,Дмитро,21:43:26,12,,21:31:22,21:43:26
2025-10-30,"Медової печери, 65 Близенько 1.50 грн",11:39:49,Руслан,12:17:41,37,,11:39:49,12:17:41
2025-10-30,"Наукова, 59 Близенько 1.50 грн",21:13:36,dmutro,21:21:00,7,,21:13:36,21:21:00
2025-10-30,"Пасічна, 84а Близенько 2.00 грн",14:06:02,Руслан,14:33:27,27,,14:06:02,14:33:27
2025-10-30,"Садівнича, 27 Близенько 2.00 грн",12:43:20,Руслан,12:59:57,16,,12:43:20,12:59:57
2025-10-30,"Сокільники, Збройних сил України, 2 1.50 грн",18:37:26,Дмитро,20:46:23,128,,18:37:26,20:46:23
2025-10-31,"Бандери, 69 Близенько 2.00 грн",17:36:41,Ігор,17:37:07,0,,17:36:41,17:37:07
2025-10-31,"Вашингтона, 4в Близенько 2.00 грн",15:48:24,Руслан,16:19:33,31,,15:48:24,16:19:33
2025-10-31,"Гориня, 39 Близенько 1.50 грн",18:31:13,Руслан,19:07:19,36,,18:31:13,19:07:19
2025-10-31,"Городоцька, 45 Близенько 2.00 грн",18:04:11,Ігор,18:52:40,48,,18:04:11,18:52:40
2025-10-31,"Зелена, 44 Близенько 2.00 грн",11:58:40,Руслан,12:13:27,14,,11:58:40,12:13:27
2025-10-31,"Йосифа Сліпого, 22 Близенько 2.00 грн",12:35:07,Руслан,12:40:08,5,,12:35:07,12:40:08
2025-10-31,"Князя Романа, 9 Близенько 2.00 грн",12:52:32,Ігор,12:57:11,4,,12:52:32,12:57:11
2025-10-31,"Левицького, 106 Penkermarket 2.00 грн",13:45:33,Руслан,13:54:33,9,,13:45:33,13:54:33
2025-10-31,"Лисеницька, 9 Близенько 2.00 грн",16:51:58,Руслан,16:57:04,5,,16:51:58,16:57:04
2025-10-31,"Марка Вовчка, 24 Чарка 2.00 грн",10:21:17,Дмитро,12:18:14,116,,10:21:17,12:18:14
2025-10-31,"Мечнікова, 16е Близенько 2.00 грн",14:11:14,Руслан,14:25:36,14,,14:11:14,14:25:36
2025-10-31,"Мундяк Марії, 8 Близенько 2.00 грн",17:33:57,dmutro,18:03:04,29,,17:33:57,18:03:04
2025-10-31,"Освицька, 1 Близенько 1.00 грн",17:42:23,ruslan,17:51:46,9,,17:42:23,17:51:46
2025-10-31,"Пасічна, 171 Близенько 1.50 грн",17:17:59,Руслан,17:23:02,5,,17:17:59,17:23:02
2025-10-31,"Петлюри, 2а Кафе 2.00 грн",19:58:34,Руслан,19:59:36,1,,19:58:34,19:59:36
2025-10-31,"Повітряна, 78 Близенько 2.00 грн",18:53:22,Дмитро,19:00:51,7,,18:53:22,19:00:51
2025-10-31,"Родини Крушельницьких, 1а Близенько 2.00 грн",13:05:50,Руслан,13:22:17,16,,13:05:50,13:22:17
2025-10-31,"Рудненська, 8ж Близенько 2.00 грн",19:19:42,Дмитро,19:26:48,7,,19:19:42,19:26:48
2025-10-31,"Сокільники, Весняна, 18 Близенько 1.50 грн",20:22:59,Дмитро,20:36:49,13,,20:22:59,20:36:49
2025-10-31,"Сокільники, Г.Сковороди, 56 Близенько 1.50 грн",19:51:56,Дмитро,19:59:36,7,,19:51:56,19:59:36
2025-10-31,"Суботівська, 10а Близенько 1.50 грн",18:18:56,Дмитро,18:35:28,16,,18:18:56,18:35:28
2025-10-31,"Суботівська, 7 Близенько 1.50 грн",18:42:06,Дмитро,18:43:07,1,,18:42:06,18:43:07
2025-10-31,"Художня, 4 Близенько 2.00 грн",12:58:27,dmutro,13:01:24,2,,12:58:27,13:01:24
2025-10-31,"Шевченка, 45 Близенько 1.50 грн",09:02:23,Дмитро,09:38:07,35,,09:02:23,09:38:07
2025-10-31,"Шевченка, 80 Близенько 1.50 грн",09:49:03,Дмитро,09:54:57,5,,09:49:03,09:54:57
2025-11-01,"Антонича, 6 Близенько 2.00 грн",17:08:26,Руслан,17:11:08,2,,17:08:26,17:11:08
2025-11-01,"Біберовича, 11 Близенько 1.50 грн",12:59:33,Руслан,12:59:35,0,,12:59:33,12:59:35
2025-11-01,"Виговського, 5 Сімі 2.00 грн",13:38:43,Руслан,13:38:45,0,,13:38:43,13:38:45
2025-11-01,"Довженка, 5 Близенько 1.50 грн",17:38:27,Руслан,17:41:10,2,,17:38:27,17:41:10
2025-11-01,"Драгана, 4б Близенько 2.00 грн",16:52:24,Руслан,16:56:20,3,,16:52:24,16:56:20
2025-11-01,"Кубійовича, 31 Близенько 2.0",18:14:13,Руслан,18:19:37,5,,18:14:13,18:19:37
2025-11-01,"Левицького, 43а Кишенька 2.00 грн",18:26:36,Руслан,18:30:09,3,,18:26:36,18:30:09
2025-11-01,"Сокільники, Г.Сковороди, 56 Близенько 1.50 грн",11:13:13,Дмитро,11:30:02,16,,11:13:13,11:30:02
2025-11-01,"Стрийська, 108 ЖК Національний 1.50 грн",14:22:23,Руслан,14:25:17,2,,14:22:23,14:25:17
2025-11-02,"Мазепи, 26 Близенько 2.00 грн",13:15:59,igor,13:26:19,10,,13:15:59,13:26:19
2025-11-03,"Багряного, 39 Близенько 2.00 грн",10:47:27,Руслан,10:52:06,4,,10:47:27,10:52:06
2025-11-03,"В.Великого, 103 Близенько 1.50 грн",12:29:16,dmutro,12:34:43,5,,12:29:16,12:34:43
2025-11-03,"Гашека, 17 Близенько 1.50 грн",08:04:48,Дмитро,08:09:28,4,,08:04:48,08:09:28
2025-11-03,"Генерала Тарнавського, 104б Близенько 2.00 грн",11:26:34,Руслан,11:51:52,25,,11:26:34,11:51:52
2025-11-03,"Дзиндри, 1а Близенько 2.00 грн",14:15:52,Дмитро,14:17:00,1,,14:15:52,14:17:00
2025-11-03,"Зарицьких, 5 Близенько 2.00 грн",15:15:22,Ігор,15:17:56,2,,15:15:22,15:17:56
2025-11-03,"Коновальця, 50 Близенько 2 грн",19:20:46,Дмитро,19:33:09,12,,19:20:46,19:33:09
2025-11-03,"Коперніка, 56 Свій Маркет 2.00 грн",19:44:47,Дмитро,19:45:51,1,,19:44:47,19:45:51
2025-11-03,"Мечнікова, 16е Близенько 2.00 грн",17:20:09,Руслан,17:20:44,0,,17:20:09,17:20:44
2025-11-03,"Мікльоша, 17 Близенько 1.50 грн",10:10:27,Дмитро,10:27:31,17,,10:10:27,10:27:31
2025-11-03,"Наукова, 96 Близенько 1.50 грн",11:09:31,Дмитро,11:10:59,1,,11:09:31,11:10:59
2025-11-03,"Сахарова, 60 Близенько 2.00 грн",20:23:51,Дмитро,20:40:50,16,,20:23:51,20:40:50
2025-11-03,"Скорини, 44 Близенько 1.50 грн",15:10:33,Руслан,15:36:41,26,,15:10:33,15:36:41
2025-11-03,"Стрийська, 115 Близенько 1.50 грн",09:18:34,Дмитро,09:44:34,26,,09:18:34,09:44:34
2025-11-03,"Стрийська, 45в Близенько 1.50 грн",14:35:47,Руслан,15:00:37,24,,14:35:47,15:00:37
2025-11-03,"Стрийська, 61 Близенько 1.50 грн",08:20:47,dmutro,08:39:56,19,,08:20:47,08:39:56
2025-11-03,"Угорська, 14б Близенько 2.00 грн",12:26:17,Руслан,12:26:28,0,,12:26:17,12:26:28
2025-11-04,"Виговського, 5б Близенько 1.50 грн",14:47:11,ruslan,15:34:04,46,,14:47:11,15:34:04
2025-11-04,"Городоцька, 226а Близенько 2.00 грн",15:53:53,Руслан,16:01:30,7,,15:53:53,16:01:30
2025-11-04,"Коперніка, 56 Свій Маркет 2.00 грн",08:20:41,Дмитро,08:20:44,0,,08:20:41,08:20:44
2025-11-04,"Кульпарківська, 93 Близенько 2.00 грн",13:01:38,Дмитро,13:06:50,5,,13:01:38,13:06:50
2025-11-04,"Лапаївка, Геофізиків, 17 Близенько 2.00 грн",16:19:55,Руслан,16:21:56,2,,16:19:55,16:21:56
2025-11-04,"Пулюя, 29 Близенько 2.00 грн",12:19:33,ruslan,12:21:07,1,,12:19:33,12:21:07
2025-11-04,"Суботівська, 7 Близенько 1.50 грн",09:22:20,Дмитро,09:22:49,0,,09:22:20,09:22:49
2025-11-05,"Грушевського, 7/9 Близенько 2.00 грн",20:28:20,Ігор,20:31:03,2,,20:28:20,20:31:03
2025-11-05,"Дзиндри, 1а Близенько 2.00 грн",08:09:42,Дмитро,08:09:50,0,,08:09:42,08:09:50
2025-11-05,"Левицького, 106 Penkermarket 2.00 грн",17:03:30,Руслан,17:05:42,2,,17:03:30,17:05:42
2025-11-05,"Личаківська, 70а Близенько 2.00 грн",16:31:26,Ігор,16:37:55,6,,16:31:26,16:37:55
2025-11-05,"Родини Крушельницьких, 1а Близенько 2.00 грн",17:31:48,Руслан,17:31:50,0,,17:31:48,17:31:50
2025-11-06,"Брюховицька, 143 Близенько 2.00 грн",11:45:13,Руслан,12:30:42,45,,11:45:13,12:30:42
2025-11-06,"В.Великого, 1 Близенько 2.00 грн",08:08:05,Дмитро,08:36:24,28,,08:08:05,08:36:24
2025-11-06,"В.Великого, 75 Близенько 1.50 грн",09:37:04,dmutro,13:15:24,218,,09:37:04,13:15:24
2025-11-06,"Замарстинівська, 170н Близенько 2.00 грн",19:11:35,Ігор,20:20:30,68,,19:11:35,20:20:30
2025-11-06,"Кульпарківська, 145 Близенько 1.50 грн",15:07:10,Дмитро,15:07:12,0,,15:07:10,15:07:12
2025-11-06,"Кульпарківська, 59 Близенько 2.00 грн",16:17:31,Дмитро,16:17:33,0,,16:17:31,16:17:33
2025-11-06,"Сокільники, Збройних сил України, 2 1.50 грн",19:14:22,Дмитро,19:14:24,0,,19:14:22,19:14:24
2025-11-06,"Тичини, 14 Близенько 2.00 грн",20:31:13,Ігор,20:38:38,7,,20:31:13,20:38:38
2025-11-06,"просп.В.Чорновола, 101 Близенько 2.00 грн",18:12:54,igor,18:39:34,26,,18:12:54,18:39:34
2025-11-06,"просп.В.Чорновола, 55 Близенько 2.00 грн",16:21:17,igor,16:22:57,1,,16:21:17,16:22:57
2025-11-06,"просп.В.Чорновола, 67ж Близенько 1.50 грн",21:09:36,igor,21:16:14,6,,21:09:36,21:16:14
2025-11-06,"просп.В.Чорновола, 69 Близенько 2.00 грн",20:52:36,Ігор,20:56:29,3,,20:52:36,20:56:29
2025-11-06,"просп.В.Чорновола, 7а Близенько 2.00 грн",17:25:40,Ігор,17:42:03,16,,17:25:40,17:42:03
2025-11-07,"Веливока, 9 Близенько 2.00 грн",18:42:42,Ігор,19:52:54,70,,18:42:42,19:52:54
2025-11-07,"Городоцька, 213 Близенько 1.50 грн",12:16:03,Руслан,12:18:03,2,,12:16:03,12:18:03
2025-11-07,"Кн.Ольги, 100к Близенько 2.00 грн",08:17:48,Дмитро,08:22:49,5,,08:17:48,08:22:49
2025-11-07,"Левицького, 106 Penkermarket 2.00 грн",16:32:12,Руслан,16:44:41,12,,16:32:12,16:44:41
2025-11-07,"Мазепи, 26 Близенько 2.00 грн",17:25:36,Ігор,18:22:55,57,,17:25:36,18:22:55
2025-11-07,"Мечнікова, 16е Близенько 2.00 грн",16:01:48,Руслан,16:21:08,19,,16:01:48,16:21:08
2025-11-07,"Повітряна, 78 Близенько 2.00 грн",16:48:00,Дмитро,17:21:18,33,,16:48:00,17:21:18
2025-11-07,"Пулюя, 40 Близенько 1.50 грн",12:51:15,ruslan,12:56:54,5,,12:51:15,12:56:54
2025-11-07,"Родини Крушельницьких, 1а Близенько 2.00 грн",15:36:42,Руслан,15:50:47,14,,15:36:42,15:50:47
2025-11-07,"Роксоляни, 57 Близенько 2.00 грн",13:52:47,Дмитро,13:52:50,0,,13:52:47,13:52:50
2025-11-07,"Рудненська, 8ж Близенько 2.00 грн",17:45:59,Дмитро,18:04:41,18,,17:45:59,18:04:41
2025-11-07,"Цегельского, 10 Близенько 2.00 грн",19:28:03,Дмитро,19:28:12,0,,19:28:03,19:28:12
2025-11-07,"Широка, 96а Близенько 1.50 грн",14:00:48,Дмитро,14:01:04,0,,14:00:48,14:01:04
2025-11-08,"Грінченка, 6 Близенько 1.50 грн",20:19:09,igor,20:23:33,4,,20:19:09,20:23:33
2025-11-08,"Лапаївка, Геофізиків, 17 Близенько 2.00 грн",14:00:47,Руслан,14:09:33,8,,14:00:47,14:09:33
2025-11-08,"Липинського, 29 Близенько 2.00 грн",21:51:07,Ігор,21:51:10,0,,21:51:07,21:51:10
2025-11-08,"Очеретяна, 10 Близенько 1.50 грн",20:56:26,igor,21:06:31,10,,20:56:26,21:06:31
2025-11-08,"Хмельницького, 257 Близенько 2.00 грн",19:50:36,Ігор,20:08:49,18,,19:50:36,20:08:49
2025-11-08,"Хмельницького, 76 Близенько 2.00 грн",17:13:26,Ігор,19:25:12,131,,17:13:26,19:25:12
2025-11-08,"Щурата, 9 Близенько 1.50 грн",21:21:59,Ігор,21:31:12,9,,21:21:59,21:31:12
2025-11-09,"Винники, Сахарова, 10 Близенько 2.00 грн",20:25:11,Ігор,20:52:54,27,,20:25:11,20:52:54
2025-11-09,"Котика, 9 Близенько 2.00 грн",17:52:08,Ігор,19:45:12,113,,17:52:08,19:45:12
2025-11-09,"Личаківська, 70а Близенько 2.00 грн",21:38:58,Ігор,22:23:07,44,,21:38:58,22:23:07
2025-11-09,"Личаківська, 86 Близенько 2.00 грн",17:04:45,Ігор,17:19:30,14,,17:04:45,17:19:30
2025-11-09,"Наукова, 96 Близенько 1.50 грн",13:40:37,Дмитро,13:40:40,0,,13:40:37,13:40:40
2025-11-09,"Очеретяна, 10 Близенько 1.50 грн",14:02:55,igor,14:03:12,0,,14:02:55,14:03:12
2025-11-09,"Пекарська, 14 Близенько 2.00 грн",16:35:22,Ігор,16:55:13,19,,16:35:22,16:55:13
2025-11-09,"Федьковича, 38 Близенько 2.00 грн",19:06:20,Дмитро,19:27:03,20,,19:06:20,19:27:03
2025-11-09,"Художня, 4 Близенько 2.00 грн",18:33:07,dmutro,18:33:13,0,,18:33:07,18:33:13
2025-11-10,"Пулюя, 29 Близенько 2.00 грн",15:31:13,ruslan,15:31:16,0,,15:31:13,15:31:16
2025-11-10,"Федьковича, 38 Близенько 2.00 грн",18:58:26,Дмитро,19:56:49,58,,18:58:26,19:56:49
2025-11-10,"Хмельницького, 257 Близенько 2.00 грн",13:54:40,igor,17:24:33,209,,13:54:40,17:24:33
2025-11-11,"В.Великого, 1 Близенько 2.00 грн",08:10:11,Дмитро,08:15:26,5,,08:10:11,08:15:26
2025-11-11,"В.Великого, 103 Близенько 1.50 грн",12:49:22,dmutro,12:49:27,0,,12:49:22,12:49:27
2025-11-11,"Генерала Тарнавського, 104б Близенько 2.00 грн",12:53:46,Руслан,13:03:29,9,,12:53:46,13:03:29
2025-11-11,"Грушевського, 7/9 Близенько 2.00 грн",21:40:37,Ігор,21:44:45,4,,21:40:37,21:44:45
2025-11-11,"Дзиндри, 1а Близенько 2.00 грн",13:13:14,Дмитро,13:13:19,0,,13:13:14,13:13:19
2025-11-11,"Дністерська, 1 Близенько 1.50 грн",13:34:50,Руслан,13:34:53,0,,13:34:50,13:34:53
2025-11-11,"Зелена, 204 Близенько 2.00 грн",15:03:03,Руслан,15:18:02,14,,15:03:03,15:18:02
2025-11-11,"Князя Романа, 9 Близенько 2.00 грн",16:38:50,Ігор,18:56:21,137,,16:38:50,18:56:21
2025-11-11,"Кульпарківська, 172 Близенько 2,00 грн",15:14:18,Дмитро,15:14:21,0,,15:14:18,15:14:21
2025-11-11,"Левицького, 106 Penkermarket 2.00 грн",12:25:07,Руслан,12:30:06,4,,12:25:07,12:30:06
2025-11-11,"Личаківська, 70а Близенько 2.00 грн",19:58:57,Ігор,20:57:52,58,,19:58:57,20:57:52
2025-11-11,"Любінська, 4 Близенько 1.50 грн",19:56:08,Дмитро,19:56:11,0,,19:56:08,19:56:11
2025-11-11,"Ніжинська, 16 Близенько 2.00 грн",19:26:30,igor,19:47:17,20,,19:26:30,19:47:17
2025-11-11,"Пулюя, 29 Близенько 2.00 грн",16:04:20,ruslan,16:04:22,0,,16:04:20,16:04:22
2025-11-11,"Січових Стрільців, 13 Близенько 2.00 грн",21:25:19,Ігор,21:29:31,4,,21:25:19,21:29:31
2025-11-11,"Федьковича, 38 Близенько 2.00 грн",16:45:51,Дмитро,17:12:08,26,,16:45:51,17:12:08
2025-11-11,"Хмельницького, 257 Близенько 2.00 грн",11:18:49,igor,11:19:11,0,,11:18:49,11:19:11
2025-11-11,"Шевченка, 111 Близенько 1.50 грн",11:39:42,ruslan,11:40:30,0,,11:39:42,11:40:30
2025-11-11,"Шевченка, 31б Близенько 2.00 грн",19:43:02,dmutro,19:43:04,0,,19:43:02,19:43:04
2025-11-12,"Братів Міхновських, 23 Близенько 2.00 грн",13:58:48,Дмитро,14:22:02,23,,13:58:48,14:22:02
2025-11-12,"Довбуша, 1 Товари з Італії 2.00 грн",18:16:28,igor,18:30:02,13,,18:16:28,18:30:02
2025-11-12,"Мазепи, 26 Близенько 2.00 грн",09:34:15,igor,14:48:11,313,,09:34:15,14:48:11
2025-11-12,"Наливайка, 20 Близенько 2.00 грн",19:53:26,igor,20:47:16,53,,19:53:26,20:47:16
2025-11-12,"Освицька, 1 Близенько 1.00 грн",14:30:06,ruslan,15:11:53,41,,14:30:06,15:11:53
2025-11-12,"Пулюя, 40 Близенько 1.50 грн",19:16:42,ruslan,19:20:04,3,,19:16:42,19:20:04
2025-11-12,"Сокільники, Героїв Майдану, 17в Близенько 2.00 грн",12:54:24,Руслан,13:33:12,38,,12:54:24,13:33:12
2025-11-12,"просп.В.Чорновола, 7а Близенько 2.00 грн",16:25:59,Ігор,16:28:37,2,,16:25:59,16:28:37
2025-11-13,"Брюховицька, 143 Близенько 2.00 грн",12:07:53,Руслан,12:47:47,39,,12:07:53,12:47:47
2025-11-13,"В.Великого, 103 Близенько 1.50 грн",16:54:16,dmutro,16:54:21,0,,16:54:16,16:54:21
2025-11-13,"В.Великого, 75 Близенько 1.50 грн",15:22:25,dmutro,15:24:12,1,,15:22:25,15:24:12
2025-11-13,"Веливока, 9 Близенько 2.00 грн",21:26:14,Ігор,21:34:13,7,,21:26:14,21:34:13
2025-11-13,"Гайдамацька, 9а Близенько 2.00 грн",19:40:25,Ігор,19:44:56,4,,19:40:25,19:44:56
2025-11-13,"Довбуша, 1 Товари з Італії 2.00 грн",18:51:18,Ігор,18:55:47,4,,18:51:18,18:55:47
2025-11-13,"Зарицьких, 5 Близенько 2.00 грн",15:41:22,Ігор,15:45:10,3,,15:41:22,15:45:10
2025-11-13,"Зелена, 17 Сімі 2.00 грн",16:18:50,Ігор,16:33:40,14,,16:18:50,16:33:40
2025-11-13,"Котика, 9 Близенько 2.00 грн",20:45:31,Ігор,20:51:25,5,,20:45:31,20:51:25
2025-11-13,"Личаківська, 4/6 Близенько 2.00 грн",19:55:05,Ігор,20:38:44,43,,19:55:05,20:38:44
2025-11-13,"Личаківська, 70а Близенько 2.00 грн",21:52:03,Ігор,21:53:51,1,,21:52:03,21:53:51
2025-11-13,"Пекарська, 14 Близенько 2.00 грн",16:57:23,Ігор,18:28:13,90,,16:57:23,18:28:13
2025-11-13,"Пулюя, 40 Близенько 1.50 грн",14:18:43,ruslan,15:01:10,42,,14:18:43,15:01:10
2025-11-14,1_Water1,07:05:19,,07:40:11,34,,07:05:19,07:40:11
2025-11-14,"Князя Романа, 9 Близенько 2.00 грн",15:40:51,Ігор,20:33:49,292,,15:40:51,20:33:49
2025-11-14,"Кульпарківська, 230 Близенько 2.00 грн",15:11:30,ruslan,15:14:07,2,,15:11:30,15:14:07
2025-11-14,"Лапаївка, Геофізиків, 17 Близенько 2.00 грн",13:44:12,Руслан,14:28:28,44,,13:44:12,14:28:28
2025-11-14,"Ніжинська, 16 Близенько 2.00 грн",15:08:42,igor,15:08:56,0,,15:08:42,15:08:56
2025-11-14,"Сокільники, Збройних сил України, 2 1.50 грн",10:35:15,Дмитро,10:37:35,2,,10:35:15,10:37:35
2025-11-14,"Січових Стрільців, 13 Близенько 2.00 грн",20:46:16,Ігор,20:52:37,6,,20:46:16,20:52:37
2025-11-14,"просп. Свободи, 1/3 Близенько 2.00 грн",15:58:42,Ігор,21:54:52,356,,15:58:42,21:54:52
2025-11-15,"Веливока, 9 Близенько 2.00 грн",16:18:03,Ігор,16:31:07,13,,16:18:03,16:31:07
2025-11-15,"Винники, Сахарова, 10 Близенько 2.00 грн",15:15:03,Ігор,15:50:36,35,,15:15:03,15:50:36
2025-11-15,"Винники, Винна гора, 10б Близенько 2.00 грн",15:00:21,Ігор,15:05:53,5,,15:00:21,15:05:53
2025-11-15,"Городоцька, 213 Близенько 1.50 грн",17:49:54,Руслан,17:50:44,0,,17:49:54,17:50:44
2025-11-15,"Кубійовича, 31 Близенько 2.0",14:32:57,Руслан,14:43:54,10,,14:32:57,14:43:54
2025-11-15,"Кульпарківська, 93 Близенько 2.00 грн",11:08:43,Дмитро,12:22:14,73,,11:08:43,12:22:14
2025-11-15,"Лисиничі, Шухевича, 5 Близенько 2.00 грн",14:36:32,Ігор,14:37:15,0,,14:36:32,14:37:15
2025-11-15,"Малоголосківська, 16 Близенько 2.00 грн",16:54:42,Ігор,17:12:28,17,,16:54:42,17:12:28
2025-11-15,"Мечнікова, 16е Близенько 2.00 грн",13:47:05,Руслан,13:53:41,6,,13:47:05,13:53:41
2025-11-15,"Під Голоском, 24б Близенько 1.50 грн",16:46:11,Ігор,16:47:31,1,,16:46:11,16:47:31
2025-11-15,"Шевченка, 111 Близенько 1.50 грн",15:46:29,ruslan,15:47:55,1,,15:46:29,15:47:55
2025-11-16,"В.Великого, 35а Близенько 2.00 грн",18:38:33,Дмитро,18:52:38,14,,18:38:33,18:52:38
2025-11-16,"Золота, 25 Близенько 1.50 грн",16:45:00,Дмитро,16:50:01,5,,16:45:00,16:50:01
2025-11-16,"Любінська, 4 Близенько 1.50 грн",11:59:04,Дмитро,11:59:13,0,,11:59:04,11:59:13
2025-11-16,"Повітряна, 78 Близенько 2.00 грн",12:39:46,Дмитро,12:39:50,0,,12:39:46,12:39:50
2025-11-16,"Суботівська, 10а Близенько 1.50 грн",14:09:37,Дмитро,14:10:23,0,,14:09:37,14:10:23
2025-11-16,"Суботівська, 7 Близенько 1.50 грн",13:28:50,Дмитро,13:39:19,10,,13:28:50,13:39:19
2025-11-16,"Цегельского, 10 Близенько 2.00 грн",18:26:40,Дмитро,18:26:42,0,,18:26:40,18:26:42
2025-11-16,"Чупринки, 84 Близенько 2.00 грн",17:33:13,Дмитро,18:12:18,39,,17:33:13,18:12:18
2025-11-17,"Залізнична, 21 Близенько 1.50 грн",19:43:44,dmutro,19:53:00,9,,19:43:44,19:53:00
2025-11-17,"Замарстинівська, 55г Близенько 2.00 грн",19:31:10,Ігор,19:41:09,9,,19:31:10,19:41:09
2025-11-17,"Князя Романа, 9 Близенько 2.00 грн",14:29:15,Ігор,14:44:22,15,,14:29:15,14:44:22
2025-11-17,"Кульпарківська, 230 Близенько 2.00 грн",14:03:55,ruslan,14:05:10,1,,14:03:55,14:05:10
2025-11-17,"Ніжинська, 16 Близенько 2.00 грн",15:43:43,igor,15:44:07,0,,15:43:43,15:44:07
2025-11-17,"Під Голоском, 24б Близенько 1.50 грн",16:23:15,Ігор,16:54:53,31,,16:23:15,16:54:53
2025-11-17,"Стрийська, 45в Близенько 1.50 грн",14:43:43,Руслан,14:44:47,1,,14:43:43,14:44:47
2025-11-17,"Січових Стрільців, 13 Близенько 2.00 грн",20:06:45,Ігор,22:52:28,165,,20:06:45,22:52:28
2025-11-17,"Чупринки, 84 Близенько 2.00 грн",14:53:46,Дмитро,17:17:43,143,,14:53:46,17:17:43
2025-11-17,"просп.В.Чорновола, 101 Близенько 2.00 грн",17:34:31,igor,18:13:33,39,,17:34:31,18:13:33
2025-11-18,1_Water1,15:18:56,,15:20:53,1,,15:18:56,15:20:53
2025-11-18,"Зелена, 17 Сімі 2.00 грн",21:30:55,Ігор,21:33:19,2,,21:30:55,21:33:19
2025-11-18,"Кн.Ольги, 100к Близенько 2.00 грн",08:31:46,Дмитро,08:35:11,3,,08:31:46,08:35:11
2025-11-18,"Князя Романа, 9 Близенько 2.00 грн",10:27:31,Ігор,10:29:51,2,,10:27:31,10:29:51
2025-11-18,"Січових Стрільців, 13 Близенько 2.00 грн",16:44:48,Ігор,17:56:34,71,,16:44:48,17:56:34
2025-11-18,"Чупринки, 84 Близенько 2.00 грн",08:57:32,Дмитро,08:57:35,0,,08:57:32,08:57:35
2025-11-18,"просп.В.Чорновола, 69 Близенько 2.00 грн",19:26:06,Ігор,20:31:44,65,,19:26:06,20:31:44
2025-11-19,"Ветеранів, 5 ОСББ 1.50 грн",20:32:44,,20:37:20,4,,20:32:44,20:37:20
2025-11-19,"Городоцька, 213 Близенько 1.50 грн",18:58:24,Руслан,19:00:42,2,,18:58:24,19:00:42
2025-11-19,"Кубійовича, 31 Близенько 2.0",17:12:20,Руслан,17:17:47,5,,17:12:20,17:17:47
2025-11-19,"Роксоляни, 57 Близенько 2.00 грн",09:25:32,Дмитро,09:52:04,26,,09:25:32,09:52:04
2025-11-19,"Тернопільська, 8 Близенько 2.00 грн",17:30:34,Руслан,17:31:37,1,,17:30:34,17:31:37
2025-11-19,"Трускавецька, 129 Близенько 2.00 грн",12:49:51,Руслан,12:54:32,4,,12:49:51,12:54:32
2025-11-19,"Федьковича, 24 Близенько 1.50 грн",13:17:21,dmutro,13:24:04,6,,13:17:21,13:24:04
2025-11-20,"Багряного, 39 Близенько 2.00 грн",14:22:36,Руслан,14:28:17,5,,14:22:36,14:28:17
2025-11-20,"Братів Міхновських, 23 Близенько 2.00 грн",07:50:48,Дмитро,07:57:19,6,,07:50:48,07:57:19
2025-11-20,"Брюховицька, 143 Близенько 2.00 грн",13:15:47,Руслан,13:15:54,0,,13:15:47,13:15:54
2025-11-20,"Гайдамацька, 9а Близенько 2.00 грн",20:50:12,Ігор,20:58:30,8,,20:50:12,20:58:30
2025-11-20,"Лапаївка, Геофізиків, 17 Близенько 2.00 грн",14:58:59,Руслан,15:12:18,13,,14:58:59,15:12:18
2025-11-20,"Наукова, 59 Близенько 1.50 грн",08:53:31,dmutro,09:19:58,26,,08:53:31,09:19:58
2025-11-20,"Січових Стрільців, 13 Близенько 2.00 грн",18:51:52,Ігор,19:06:21,14,,18:51:52,19:06:21
2025-11-20,"просп.В.Чорновола, 55 Близенько 2.00 грн",21:17:10,Ігор,21:55:55,38,,21:17:10,21:55:55
2025-11-21,"Винники, Сахарова, 10 Близенько 2.00 грн",20:46:22,Ігор,21:02:59,16,,20:46:22,21:02:59
2025-11-21,"Винники, Винна гора, 10б Близенько 2.00 грн",21:13:11,Ігор,21:18:54,5,,21:13:11,21:18:54
2025-11-21,"Котика, 9 Близенько 2.00 грн",20:24:09,Ігор,20:24:19,0,,20:24:09,20:24:19
2025-11-22,"Братів Міхновських, 23 Близенько 2.00 грн",18:24:26,Дмитро,18:28:01,3,,18:24:26,18:28:01
2025-11-22,"Виговського, 5б Близенько 1.50 грн",12:19:48,ruslan,12:34:39,14,,12:19:48,12:34:39
2025-11-22,"Лапаївка, Геофізиків, 17 Близенько 2.00 грн",11:50:43,Руслан,11:57:34,6,,11:50:43,11:57:34
2025-11-22,"Лисиничі, Шухевича, 5 Близенько 2.00 грн",14:27:03,Ігор,16:26:26,119,,14:27:03,16:26:26
2025-11-22,"Освицька, 1 Близенько 1.00 грн",13:44:37,ruslan,13:49:57,5,,13:44:37,13:49:57
2025-11-22,"Повітряна, 78 Близенько 2.00 грн",16:06:58,Дмитро,16:07:00,0,,16:06:58,16:07:00
2025-11-22,"Суботівська, 7 Близенько 1.50 грн",16:00:11,Дмитро,16:00:19,0,,16:00:11,16:00:19
2025-11-22,"Січових Стрільців, 13 Близенько 2.00 грн",11:59:04,igor,11:59:09,0,,11:59:04,11:59:09
2025-11-22,"Тракт Глинянський, 163 Сімі 1.50 грн",16:32:55,Ігор,16:38:29,5,,16:32:55,16:38:29
2025-11-22,"Трускавецька, 129 Близенько 2.00 грн",13:06:39,Руслан,13:15:21,8,,13:06:39,13:15:21
2025-11-22,"Щурата, 9 Близенько 1.50 грн",17:34:50,igor,17:34:52,0,,17:34:50,17:34:52
2025-11-23,"Йосифа Сліпого, 22 Близенько 2.00 грн",06:32:51,Руслан,06:39:19,6,,06:32:51,06:39:19
