data,aparat,start,tech,end,kol-time,v_doroge,fir_point,last_point
2025-10-22,"Князя Романа, 9 Близенько 2.00 грн",18:02:09,Ігор,18:08:11,6,0,YES,
2025-10-22,"Князя Романа, 9 Близенько 2.00 грн",18:08:16,Ігор,18:13:29,5,0,,
2025-10-22,"Князя Романа, 9 Близенько 2.00 грн",18:16:10,Ігор,18:21:50,5,2,,
2025-10-22,"Князя Романа, 9 Близенько 2.00 грн",19:35:19,Ігор,19:35:52,0,73,,
2025-10-22,"Князя Романа, 9 Близенько 2.00 грн",20:01:22,Ігор,20:01:26,0,25,,
2025-10-22,"Князя Романа, 9 Близенько 2.00 грн",20:01:56,Ігор,20:04:43,2,0,,
2025-10-22,"Князя Романа, 9 Близенько 2.00 грн",20:25:15,Ігор,20:26:02,0,20,,
2025-10-22,"Князя Романа, 9 Близенько 2.00 грн",20:31:56,Ігор,20:32:22,0,5,,
2025-10-22,"Князя Романа, 9 Близенько 2.00 грн",20:32:34,Ігор,20:33:14,0,0,,
2025-10-22,"Князя Романа, 9 Близенько 2.00 грн",20:33:19,Ігор,20:33:23,0,0,,
2025-10-22,"Грушевського, 7/9 Близенько 2.00 грн",20:42:55,Ігор,20:45:58,3,9,,
2025-10-22,"Грушевського, 7/9 Близенько 2.00 грн",20:46:00,Ігор,20:46:54,0,0,,
2025-10-22,"Грушевського, 7/9 Близенько 2.00 грн",20:50:30,Ігор,20:50:44,0,3,,YES
2025-10-22,"Марка Вовчка, 24 Чарка 2.00 грн",11:08:54,Дмитро,11:09:04,0,0,YES,
2025-10-22,"Наукова, 96 Близенько 1.50 грн",13:24:28,Дмитро,13:24:31,0,135,,YES
2025-10-22,"Генерала Тарнавського, 104б Близенько 2.00 грн",13:19:01,Руслан,13:19:08,0,0,YES,
2025-10-22,"Генерала Тарнавського, 104б Близенько 2.00 грн",13:37:06,Руслан,13:37:57,0,17,,
2025-10-22,"Генерала Тарнавського, 104б Близенько 2.00 грн",13:45:57,Руслан,13:46:00,0,8,,
2025-10-22,"Стрийська, 51 Близенько 2.00 грн",15:06:23,Руслан,15:06:26,0,80,,
2025-10-22,"Стрийська, 51 Близенько 2.00 грн",15:07:21,Руслан,15:07:24,0,0,,
2025-10-22,"Стрийська, 51 Близенько 2.00 грн",15:09:48,Руслан,15:11:38,1,2,,
2025-10-22,"Стрийська, 51 Близенько 2.00 грн",15:11:41,Руслан,15:16:46,5,0,,
2025-10-22,"Стрийська, 51 Близенько 2.00 грн",15:24:45,Руслан,15:24:49,0,7,,
2025-10-22,"Стрийська, 51 Близенько 2.00 грн",15:30:40,Руслан,15:30:42,0,5,,
2025-10-22,"Стрийська, 51 Близенько 2.00 грн",15:33:12,Руслан,15:33:14,0,2,,
2025-10-22,"Стрийська, 51 Близенько 2.00 грн",15:58:06,Руслан,15:58:14,0,24,,
2025-10-22,"Стрийська, 51 Близенько 2.00 грн",16:00:03,Руслан,16:00:56,0,1,,
2025-10-22,"Стрийська, 51 Близенько 2.00 грн",16:04:47,Руслан,16:04:50,0,3,,YES
2025-10-22,"Шевченка, 31б Близенько 2.00 грн",08:52:56,,08:53:26,0,0,,
2025-10-22,"Грінченка, 6 Близенько 1.50 грн",09:57:48,,09:58:13,0,0,,
2025-10-22,"Шевченка, 31б Близенько 2.00 грн",10:06:14,,10:08:01,1,0,,
2025-10-22,"Шевченка, 31б Близенько 2.00 грн",10:08:07,,10:09:20,1,0,,
2025-10-22,"Шевченка, 31б Близенько 2.00 грн",10:09:32,,10:10:22,0,0,,
2025-10-22,"Шевченка, 31б Близенько 2.00 грн",10:10:35,,10:12:11,1,0,,
2025-10-22,"Шевченка, 31б Близенько 2.00 грн",11:01:07,,11:01:09,0,0,,
2025-10-22,"Шевченка, 31б Близенько 2.00 грн",11:03:13,,11:03:15,0,0,,
2025-10-22,"В.Великого, 75 Близенько 1.50 грн",12:59:50,,12:59:52,0,0,,
2025-10-22,"В.Великого, 75 Близенько 1.50 грн",13:10:02,,13:10:06,0,0,,
2025-10-22,"Замарстинівська, 170б Близенько 2.00 грн",16:44:34,,16:44:55,0,0,,
2025-10-22,"Замарстинівська, 170б Близенько 2.00 грн",16:46:30,,16:46:34,0,0,,
2025-10-23,"Дзиндри, 1а Близенько 2.00 грн",08:56:02,Дмитро,08:56:07,0,1171,YES,
2025-10-23,"Дзиндри, 1а Близенько 2.00 грн",08:58:40,Дмитро,08:58:41,0,2,,
2025-10-23,"Наукова, 10а Близенько 0.50 грн",20:30:28,Дмитро,20:30:30,0,691,,YES
2025-10-23,"Кубійовича, 31 Близенько 2.0",12:15:25,Руслан,12:17:04,1,1210,YES,
2025-10-23,"Кубійовича, 31 Близенько 2.0",12:26:32,Руслан,12:27:14,0,9,,
2025-10-23,"Кубійовича, 31 Близенько 2.0",12:31:29,Руслан,12:31:32,0,4,,
2025-10-23,"Антонича, 6 Близенько 2.00 грн",15:00:55,Руслан,15:05:59,5,149,,
2025-10-23,"Антонича, 6 Близенько 2.00 грн",15:08:17,Руслан,15:10:06,1,2,,YES
2025-10-23,"Федьковича, 24 Близенько 1.50 грн",09:51:55,,09:51:58,0,0,,
2025-10-23,"Федьковича, 24 Близенько 1.50 грн",09:55:07,,09:55:35,0,0,,
2025-10-23,"Федьковича, 24 Близенько 1.50 грн",09:55:40,,09:55:59,0,0,,
2025-10-23,"Федьковича, 24 Близенько 1.50 грн",09:57:17,,09:58:34,1,0,,
2025-10-23,"Федьковича, 24 Близенько 1.50 грн",10:00:04,,10:01:04,1,0,,
2025-10-23,"Федьковича, 24 Близенько 1.50 грн",10:02:40,,10:03:52,1,0,,
2025-10-23,"Пулюя, 29 Близенько 2.00 грн",15:40:01,,15:40:04,0,0,,
2025-10-23,"Пулюя, 29 Близенько 2.00 грн",15:40:11,,15:40:25,0,0,,
2025-10-23,"Пулюя, 29 Близенько 2.00 грн",15:49:56,,15:49:58,0,0,,
2025-10-23,"Пулюя, 40 Близенько 1.50 грн",15:56:09,,15:57:48,1,0,,
2025-10-23,"Пулюя, 40 Близенько 1.50 грн",15:59:19,,15:59:23,0,0,,
2025-10-23,"Багряного, 39 Близенько 2.00 грн",16:28:20,,16:28:30,0,0,,
2025-10-23,"Багряного, 39 Близенько 2.00 грн",16:31:06,,16:31:55,0,0,,
2025-10-23,"Багряного, 39 Близенько 2.00 грн",16:32:03,,16:32:12,0,0,,
2025-10-23,"Багряного, 39 Близенько 2.00 грн",16:33:26,,16:33:40,0,0,,
2025-10-23,"Шевченка, 111 Близенько 1.50 грн",17:55:53,,17:55:57,0,0,,
2025-10-23,"Шевченка, 111 Близенько 1.50 грн",18:02:05,,18:02:08,0,0,,
2025-10-23,"Шевченка, 111 Близенько 1.50 грн",18:02:11,,18:02:15,0,0,,
2025-10-23,"Шевченка, 111 Близенько 1.50 грн",18:02:42,,18:02:46,0,0,,
2025-10-23,"Шевченка, 111 Близенько 1.50 грн",18:03:39,,18:03:42,0,0,,
2025-10-23,"Шевченка, 111 Близенько 1.50 грн",18:04:52,,18:04:56,0,0,,
2025-10-23,"Стрийська, 61 Близенько 1.50 грн",19:01:22,,19:10:03,8,0,,
2025-10-23,"Під Голоском, 24б Близенько 1.50 грн",19:13:12,,19:15:13,2,0,,
2025-10-23,"В.Великого, 103 Близенько 1.50 грн",20:45:56,,20:46:08,0,0,,
2025-10-24,"Франка, 69 Близенько 2.00 грн",12:43:40,Ігор,12:47:12,3,2392,YES,
2025-10-24,"Франка, 69 Близенько 2.00 грн",12:47:50,Ігор,12:49:43,1,0,,
2025-10-24,"Зарицьких, 5 Близенько 2.00 грн",12:52:59,Ігор,13:02:25,9,3,,
2025-10-24,"Зарицьких, 5 Близенько 2.00 грн",13:02:46,Ігор,13:02:58,0,0,,
2025-10-24,"Зарицьких, 5 Близенько 2.00 грн",13:03:00,Ігор,13:03:17,0,0,,YES
2025-10-24,"Суботівська, 7 Близенько 1.50 грн",09:39:08,Дмитро,09:39:13,0,788,YES,
2025-10-24,"Суботівська, 10а Близенько 1.50 грн",10:19:39,Дмитро,10:19:42,0,40,,
2025-10-24,"Гашека, 17 Близенько 1.50 грн",18:51:06,Дмитро,18:55:16,4,511,,
2025-10-24,"Марка Вовчка, 24 Чарка 2.00 грн",21:37:18,Дмитро,21:37:26,0,162,,YES
2025-10-24,"Брюховичі Львівська, 92 Близенько 2.00 грн",13:39:05,Руслан,13:42:36,3,1348,YES,
2025-10-24,"Брюховичі Львівська, 92 Близенько 2.00 грн",13:42:46,Руслан,13:42:49,0,0,,
2025-10-24,"Брюховичі Івасюка, 1 Близенько 2.00 грн",14:13:25,Руслан,14:15:49,2,30,,
2025-10-24,"Брюховичі Івасюка, 1 Близенько 2.00 грн",14:30:50,Руслан,14:31:36,0,15,,
2025-10-24,"Брюховицька, 143 Близенько 2.00 грн",14:57:58,Руслан,14:58:00,0,26,,
2025-10-24,"Брюховицька, 143 Близенько 2.00 грн",14:58:29,Руслан,14:59:35,1,0,,
2025-10-24,"Брюховицька, 143 Близенько 2.00 грн",15:04:49,Руслан,15:04:51,0,5,,
2025-10-24,"Біберовича, 11 Близенько 1.50 грн",15:46:39,Руслан,15:47:09,0,41,,YES
2025-10-24,"Мундяк Марії, 8 Близенько 2.00 грн",09:52:03,,09:54:40,2,0,,
2025-10-24,"Шевченка, 111 Близенько 1.50 грн",16:57:56,,16:58:15,0,0,,
2025-10-24,"Шевченка, 111 Близенько 1.50 грн",17:02:43,,17:02:48,0,0,,
2025-10-24,"Шевченка, 111 Близенько 1.50 грн",17:06:41,,17:06:44,0,0,,
2025-10-25,"Веливока, 9 Близенько 2.00 грн",14:17:36,Ігор,14:24:06,6,1514,YES,
2025-10-25,"Веливока, 9 Близенько 2.00 грн",14:25:42,Ігор,14:31:58,6,1,,
2025-10-25,"Веливока, 9 Близенько 2.00 грн",14:37:16,Ігор,14:44:59,7,5,,
2025-10-25,"Веливока, 9 Близенько 2.00 грн",14:45:22,Ігор,14:50:14,4,0,,
2025-10-25,"Веливока, 9 Близенько 2.00 грн",14:56:59,Ігор,14:57:02,0,6,,
2025-10-25,"Веливока, 9 Близенько 2.00 грн",14:58:26,Ігор,15:07:03,8,1,,
2025-10-25,"Веливока, 9 Близенько 2.00 грн",15:12:16,Ігор,15:12:33,0,5,,
2025-10-25,"Винники, Сахарова, 10 Близенько 2.00 грн",15:50:18,Ігор,15:59:06,8,37,,
2025-10-25,"Винники, Сахарова, 10 Близенько 2.00 грн",15:59:59,Ігор,16:06:26,6,0,,
2025-10-25,"Винники, Сахарова, 10 Близенько 2.00 грн",16:13:45,Ігор,16:15:12,1,7,,
2025-10-25,"Винники, Сахарова, 10 Близенько 2.00 грн",16:24:03,Ігор,16:24:05,0,8,,
2025-10-25,"Винники, Сахарова, 10 Близенько 2.00 грн",16:24:49,Ігор,16:25:45,0,0,,
2025-10-25,"Личаківська, 70а Близенько 2.00 грн",18:14:56,Ігор,18:15:08,0,109,,
2025-10-25,"Личаківська, 70а Близенько 2.00 грн",18:27:28,Ігор,18:41:31,14,12,,
2025-10-25,"Личаківська, 70а Близенько 2.00 грн",18:43:27,Ігор,18:49:43,6,1,,
2025-10-25,"Личаківська, 70а Близенько 2.00 грн",18:51:37,Ігор,18:52:31,0,1,,
2025-10-25,"Личаківська, 70а Близенько 2.00 грн",19:00:17,Ігор,19:02:46,2,7,,
2025-10-25,"Личаківська, 70а Близенько 2.00 грн",19:04:24,Ігор,19:04:50,0,1,,
2025-10-25,"Личаківська, 70а Близенько 2.00 грн",19:06:10,Ігор,19:08:40,2,1,,
2025-10-25,"Личаківська, 70а Близенько 2.00 грн",19:12:50,Ігор,19:12:53,0,4,,
2025-10-25,"Личаківська, 70а Близенько 2.00 грн",19:13:01,Ігор,19:13:15,0,0,,
2025-10-25,"Личаківська, 70а Близенько 2.00 грн",19:16:32,Ігор,19:16:35,0,3,,
2025-10-25,"Личаківська, 70а Близенько 2.00 грн",19:19:56,Ігор,19:19:58,0,3,,
2025-10-25,"Личаківська, 70а Близенько 2.00 грн",19:23:20,Ігор,19:23:30,0,3,,
2025-10-25,"Личаківська, 70а Близенько 2.00 грн",19:23:35,Ігор,19:23:39,0,0,,
2025-10-25,"Личаківська, 70а Близенько 2.00 грн",19:24:14,Ігор,19:24:17,0,0,,
2025-10-25,"Личаківська, 70а Близенько 2.00 грн",19:31:01,Ігор,19:31:03,0,6,,
2025-10-25,"Личаківська, 70а Близенько 2.00 грн",19:41:28,Ігор,19:41:30,0,10,,
2025-10-25,"Личаківська, 70а Близенько 2.00 грн",19:55:31,Ігор,19:55:33,0,14,,
2025-10-25,"Личаківська, 70а Близенько 2.00 грн",19:57:25,Ігор,19:57:27,0,1,,
2025-10-25,"Наливайка, 20 Близенько 2.00 грн",20:11:30,Ігор,20:16:42,5,14,,
2025-10-25,"Наливайка, 20 Близенько 2.00 грн",20:19:27,Ігор,20:23:56,4,2,,
2025-10-25,"Наливайка, 20 Близенько 2.00 грн",20:25:32,Ігор,20:26:08,0,1,,
2025-10-25,"Наливайка, 20 Близенько 2.00 грн",20:26:36,Ігор,20:27:00,0,0,,
2025-10-25,"Наливайка, 20 Близенько 2.00 грн",20:29:25,Ігор,20:35:10,5,2,,
2025-10-25,"Грушевського, 7/9 Близенько 2.00 грн",20:54:36,Ігор,20:59:56,5,19,,
2025-10-25,"Князя Романа, 9 Близенько 2.00 грн",21:11:18,Ігор,21:13:38,2,11,,
2025-10-25,"Хмельницького, 76 Близенько 2.00 грн",21:29:53,Ігор,21:34:10,4,16,,
2025-10-25,"Хмельницького, 76 Близенько 2.00 грн",21:34:28,Ігор,21:43:12,8,0,,
2025-10-25,"Хмельницького, 76 Близенько 2.00 грн",21:45:23,Ігор,21:48:52,3,2,,
2025-10-25,"Хмельницького, 76 Близенько 2.00 грн",22:00:31,Ігор,22:00:46,0,11,,
2025-10-25,"Січових Стрільців, 13 Близенько 2.00 грн",22:09:51,Ігор,22:16:20,6,9,,
2025-10-25,"Січових Стрільців, 13 Близенько 2.00 грн",22:20:15,Ігор,22:23:59,3,3,,
2025-10-25,"Січових Стрільців, 13 Близенько 2.00 грн",22:35:34,Ігор,22:35:37,0,11,,
2025-10-25,"Січових Стрільців, 13 Близенько 2.00 грн",22:35:38,Ігор,22:35:47,0,0,,
2025-10-25,"Січових Стрільців, 13 Близенько 2.00 грн",22:37:29,Ігор,22:37:50,0,1,,YES
2025-10-25,"Повітряна, 78 Близенько 2.00 грн",11:23:36,Дмитро,11:23:40,0,826,YES,
2025-10-25,"Роксоляни, 57 Близенько 2.00 грн",11:45:58,Дмитро,11:46:20,0,22,,
2025-10-25,"Широка, 96а Близенько 1.50 грн",11:49:02,Дмитро,11:49:13,0,2,,YES
2025-10-25,"Городоцька, 226а Близенько 2.00 грн",11:48:19,Руслан,11:54:17,5,1201,YES,
2025-10-25,"Городоцька, 226а Близенько 2.00 грн",11:54:42,Руслан,11:54:45,0,0,,
2025-10-25,"Лапаївка, Геофізиків, 17 Близенько 2.00 грн",12:39:47,Руслан,12:40:19,0,45,,
2025-10-25,"Лапаївка, Геофізиків, 17 Близенько 2.00 грн",12:40:21,Руслан,12:40:38,0,0,,
2025-10-25,"Лапаївка, Геофізиків, 17 Близенько 2.00 грн",12:41:57,Руслан,12:42:06,0,1,,
2025-10-25,"Лапаївка, Геофізиків, 17 Близенько 2.00 грн",12:46:11,Руслан,12:46:12,0,4,,
2025-10-25,"Лапаївка, Геофізиків, 17 Близенько 2.00 грн",12:46:15,Руслан,12:46:23,0,0,,
2025-10-25,"Стрийська, 51 Близенько 2.00 грн",15:43:03,Руслан,15:43:36,0,176,,
2025-10-25,"Стрийська, 51 Близенько 2.00 грн",15:43:50,Руслан,15:44:24,0,0,,
2025-10-25,"Стрийська, 51 Близенько 2.00 грн",15:50:02,Руслан,15:50:05,0,5,,
2025-10-25,"Демнянська, 26 Близенько 1.50 грн",16:15:47,Руслан,16:16:58,1,25,,
2025-10-25,"Демнянська, 26 Близенько 1.50 грн",16:26:31,Руслан,16:26:33,0,9,,
2025-10-25,"Скорини, 44 Близенько 1.50 грн",16:30:24,Руслан,16:31:40,1,3,,
2025-10-25,"Скорини, 44 Близенько 1.50 грн",16:34:11,Руслан,16:34:13,0,2,,
2025-10-25,"Зелена, 204 Близенько 2.00 грн",17:42:23,Руслан,17:43:28,1,68,,
2025-10-25,"Зелена, 204 Близенько 2.00 грн",18:07:07,Руслан,18:07:10,0,23,,YES
2025-10-25,"Шевченка, 31б Близенько 2.00 грн",11:04:45,,11:05:08,0,0,,
2025-10-25,"Зимна Вода, Тичини, 9 Близенько 1.50 грн",12:08:52,,12:10:27,1,0,,
2025-10-25,"Зимна Вода, Тичини, 9 Близенько 1.50 грн",12:16:44,,12:16:46,0,0,,
2025-10-25,"Котика, 9 Близенько 2.00 грн",17:25:42,,17:34:04,8,0,,
2025-10-25,"Котика, 9 Близенько 2.00 грн",17:35:53,,17:40:48,4,0,,
2025-10-25,"Котика, 9 Близенько 2.00 грн",17:46:15,,17:46:54,0,0,,
2025-10-25,"Котика, 9 Близенько 2.00 грн",17:48:19,,17:53:28,5,0,,
2025-10-25,"Котика, 9 Близенько 2.00 грн",17:54:55,,17:55:25,0,0,,
2025-10-25,"Котика, 9 Близенько 2.00 грн",17:57:08,,17:57:11,0,0,,
2025-10-25,"Котика, 9 Близенько 2.00 грн",17:57:13,,17:57:16,0,0,,
2025-10-25,"Кульпарківська, 230 Близенько 2.00 грн",18:51:05,,18:52:31,1,0,,
2025-10-25,"Кульпарківська, 230 Близенько 2.00 грн",18:56:35,,18:56:40,0,0,,
2025-10-26,"Пекарська, 14 Близенько 2.00 грн",16:25:23,Ігор,16:32:12,6,1067,YES,
2025-10-26,"Пекарська, 14 Близенько 2.00 грн",16:40:16,Ігор,16:45:04,4,8,,
2025-10-26,"Пекарська, 14 Близенько 2.00 грн",16:45:26,Ігор,16:46:48,1,0,,
2025-10-26,"Пекарська, 14 Близенько 2.00 грн",16:59:47,Ігор,17:06:59,7,12,,
2025-10-26,"Пекарська, 14 Близенько 2.00 грн",17:13:47,Ігор,17:17:48,4,6,,
2025-10-26,"Пекарська, 14 Близенько 2.00 грн",17:22:41,Ігор,17:28:37,5,4,,
2025-10-26,"Пекарська, 14 Близенько 2.00 грн",17:35:40,Ігор,17:36:33,0,7,,
2025-10-26,"Личаківська, 86 Близенько 2.00 грн",17:56:34,Ігор,18:10:46,14,20,,
2025-10-26,"Личаківська, 86 Близенько 2.00 грн",18:12:56,Ігор,18:13:29,0,2,,
2025-10-26,"Личаківська, 86 Близенько 2.00 грн",18:15:13,Ігор,18:17:01,1,1,,
2025-10-26,"Личаківська, 86 Близенько 2.00 грн",18:25:12,Ігор,18:26:24,1,8,,
2025-10-26,"Личаківська, 163 Близенько 2.00 грн",18:56:17,Ігор,18:58:29,2,29,,
2025-10-26,"Липинського, 29 Близенько 2.00 грн",19:42:52,Ігор,19:47:17,4,44,,
2025-10-26,"Липинського, 29 Близенько 2.00 грн",19:48:14,Ігор,19:48:24,0,0,,
2025-10-26,"Малоголосківська, 16 Близенько 2.00 грн",19:59:52,Ігор,20:05:01,5,11,,
2025-10-26,"Малоголосківська, 16 Близенько 2.00 грн",20:06:03,Ігор,20:14:44,8,1,,
2025-10-26,"Малоголосківська, 16 Близенько 2.00 грн",20:16:04,Ігор,20:18:15,2,1,,
2025-10-26,"Малоголосківська, 16 Близенько 2.00 грн",20:28:07,Ігор,20:28:36,0,9,,
2025-10-26,"Наливайка, 20 Близенько 2.00 грн",20:42:08,Ігор,20:44:00,1,13,,
2025-10-26,"Січових Стрільців, 13 Близенько 2.00 грн",20:49:45,Ігор,20:54:07,4,5,,
2025-10-26,"Січових Стрільців, 13 Близенько 2.00 грн",20:57:10,Ігор,20:57:23,0,3,,
2025-10-26,"просп. Свободи, 1/3 Близенько 2.00 грн",21:07:12,Ігор,21:14:08,6,9,,
2025-10-26,"просп. Свободи, 1/3 Близенько 2.00 грн",21:14:14,Ігор,21:14:17,0,0,,
2025-10-26,"просп. Свободи, 1/3 Близенько 2.00 грн",21:20:23,Ігор,21:24:13,3,6,,
2025-10-26,"просп. Свободи, 1/3 Близенько 2.00 грн",21:25:21,Ігор,21:30:56,5,1,,
2025-10-26,"просп. Свободи, 1/3 Близенько 2.00 грн",21:34:51,Ігор,21:36:13,1,3,,
2025-10-26,"просп. Свободи, 1/3 Близенько 2.00 грн",21:37:08,Ігор,21:37:31,0,0,,YES
2025-10-26,"Кульпарківська, 59 Близенько 2.00 грн",11:14:53,Дмитро,11:14:55,0,1405,YES,
2025-10-26,"Цегельского, 10 Близенько 2.00 грн",12:03:53,Дмитро,12:03:54,0,48,,
2025-10-26,"Цегельского, 10 Близенько 2.00 грн",12:04:14,Дмитро,12:04:17,0,0,,YES
2025-10-26,"Зелена, 17 Сімі 2.00 грн",15:57:39,,15:58:23,0,0,,
2025-10-26,"Зелена, 17 Сімі 2.00 грн",15:58:36,,16:02:01,3,0,,
2025-10-26,"Зелена, 17 Сімі 2.00 грн",16:02:23,,16:03:31,1,0,,
2025-10-26,"Ніжинська, 16 Близенько 2.00 грн",19:10:50,,19:11:18,0,0,,
2025-10-26,"Ніжинська, 16 Близенько 2.00 грн",19:18:05,,19:19:11,1,0,,
2025-10-27,"Довбуша, 1 Товари з Італії 2.00 грн",18:06:53,Ігор,18:11:59,5,1229,YES,
2025-10-27,"Довбуша, 1 Товари з Італії 2.00 грн",18:15:13,Ігор,18:22:52,7,3,,
2025-10-27,"Довбуша, 1 Товари з Італії 2.00 грн",18:25:04,Ігор,18:29:02,3,2,,
2025-10-27,"Довбуша, 1 Товари з Італії 2.00 грн",18:33:14,Ігор,18:33:48,0,4,,
2025-10-27,"Довбуша, 1 Товари з Італії 2.00 грн",18:41:58,Ігор,18:43:29,1,8,,
2025-10-27,"Гайдамацька, 9а Близенько 2.00 грн",19:37:35,Ігор,19:42:26,4,54,,
2025-10-27,"Гайдамацька, 9а Близенько 2.00 грн",19:44:25,Ігор,19:49:45,5,1,,
2025-10-27,"Гайдамацька, 9а Близенько 2.00 грн",19:51:14,Ігор,19:53:10,1,1,,
2025-10-27,"Замарстинівська, 55г Близенько 2.00 грн",20:04:31,Ігор,20:09:39,5,11,,
2025-10-27,"Замарстинівська, 55г Близенько 2.00 грн",20:13:42,Ігор,20:15:04,1,4,,
2025-10-27,"Замарстинівська, 170б Близенько 2.00 грн",20:32:09,Ігор,20:41:39,9,17,,
2025-10-27,"Замарстинівська, 170б Близенько 2.00 грн",20:45:42,Ігор,20:47:31,1,4,,
2025-10-27,"Замарстинівська, 170н Близенько 2.00 грн",20:58:40,Ігор,21:04:34,5,11,,
2025-10-27,"Миколайчука, 4а Близенько 2.00 грн",21:15:08,Ігор,21:17:01,1,10,,
2025-10-27,"Миколайчука, 4а Близенько 2.00 грн",21:21:44,Ігор,21:24:11,2,4,,
2025-10-27,"Миколайчука, 4а Близенько 2.00 грн",21:25:12,Ігор,21:29:12,4,1,,
2025-10-27,"Миколайчука, 4а Близенько 2.00 грн",21:30:35,Ігор,21:30:51,0,1,,
2025-10-27,"Січових Стрільців, 13 Близенько 2.00 грн",21:56:11,Ігор,22:01:24,5,25,,YES
2025-10-27,"В.Великого, 1 Близенько 2.00 грн",08:02:23,Дмитро,08:08:08,5,1198,YES,
2025-10-27,"В.Великого, 1 Близенько 2.00 грн",08:14:48,Дмитро,08:16:28,1,6,,
2025-10-27,"Цегельского, 10 Близенько 2.00 грн",10:22:25,Дмитро,10:28:40,6,125,,
2025-10-27,"Кн.Ольги, 98л Фрешка 2.00 грн",10:45:30,Дмитро,10:46:44,1,16,,
2025-10-27,"Кн.Ольги, 98л Фрешка 2.00 грн",10:54:07,Дмитро,10:54:52,0,7,,
2025-10-27,"Кн.Ольги, 100к Близенько 2.00 грн",11:00:12,Дмитро,11:01:26,1,5,,
2025-10-27,"Кн.Ольги, 100к Близенько 2.00 грн",11:01:29,Дмитро,11:01:37,0,0,,
2025-10-27,"Кн.Ольги, 100к Близенько 2.00 грн",11:01:57,Дмитро,11:07:47,5,0,,
2025-10-27,"Наукова, 10а Близенько 0.50 грн",11:38:28,Дмитро,11:40:18,1,30,,
2025-10-27,"Наукова, 10а Близенько 0.50 грн",11:54:40,Дмитро,11:54:42,0,14,,
2025-10-27,"В.Великого, 35а Близенько 2.00 грн",13:58:02,Дмитро,13:58:40,0,123,,
2025-10-27,"В.Великого, 35а Близенько 2.00 грн",14:05:36,Дмитро,14:06:47,1,6,,
2025-10-27,"Кульпарківська, 59 Близенько 2.00 грн",16:40:43,Дмитро,16:41:17,0,153,,
2025-10-27,"Кульпарківська, 59 Близенько 2.00 грн",16:49:45,Дмитро,16:49:48,0,8,,
2025-10-27,"Кульпарківська, 59 Близенько 2.00 грн",16:49:49,Дмитро,16:49:59,0,0,,
2025-10-27,"В.Великого, 35а Близенько 2.00 грн",17:54:11,Дмитро,17:54:29,0,64,,
2025-10-27,"В.Великого, 35а Близенько 2.00 грн",18:02:50,Дмитро,18:03:02,0,8,,
2025-10-27,"В.Великого, 35а Близенько 2.00 грн",18:29:18,Дмитро,18:29:21,0,26,,
2025-10-27,"В.Великого, 35а Близенько 2.00 грн",18:29:24,Дмитро,18:29:34,0,0,,
2025-10-27,"В.Великого, 35а Близенько 2.00 грн",18:33:08,Дмитро,18:33:10,0,3,,YES
2025-10-27,"Городоцька, 213 Близенько 1.50 грн",13:06:18,Руслан,13:07:25,1,2579,YES,
2025-10-27,"Городоцька, 213 Близенько 1.50 грн",13:09:26,Руслан,13:09:29,0,2,,
2025-10-27,"Виговського, 5 Сімі 2.00 грн",13:34:38,Руслан,13:35:31,0,25,,
2025-10-27,"Виговського, 5 Сімі 2.00 грн",13:45:37,Руслан,13:45:39,0,10,,
2025-10-27,"Багряного, 39 Близенько 2.00 грн",14:15:34,Руслан,14:17:23,1,29,,
2025-10-27,"Багряного, 39 Близенько 2.00 грн",14:23:06,Руслан,14:23:08,0,5,,
2025-10-27,"Яворницького, 8 Близенько 2.00 грн",14:32:44,Руслан,14:33:43,0,9,,
2025-10-27,"Яворницького, 8 Близенько 2.00 грн",14:37:18,Руслан,14:37:20,0,3,,
2025-10-27,"Караджича, 29б Рукавичка 2.00 грн",14:47:56,Руслан,14:49:20,1,10,,
2025-10-27,"Караджича, 29б Рукавичка 2.00 грн",14:54:59,Руслан,14:55:00,0,5,,
2025-10-27,"Петлюри, 2а Кафе 2.00 грн",16:04:01,Руслан,16:05:28,1,69,,
2025-10-27,"Петлюри, 2а Кафе 2.00 грн",16:09:45,Руслан,16:09:49,0,4,,
2025-10-27,"Трускавецька, 129 Близенько 2.00 грн",17:02:12,Руслан,17:05:09,2,52,,
2025-10-27,"Трускавецька, 129 Близенько 2.00 грн",17:05:24,Руслан,17:05:28,0,0,,
2025-10-27,"Сокільники, Героїв Майдану, 17в Близенько 2.00 грн",18:13:24,Руслан,18:14:27,1,67,,
2025-10-27,"Сокільники, Героїв Майдану, 17в Близенько 2.00 грн",18:16:46,Руслан,18:16:48,0,2,,YES
2025-10-27,"Під Голоском, 24б Близенько 1.50 грн",11:23:52,,11:24:49,0,0,,
2025-10-27,"Ветеранів, 5 ОСББ 1.50 грн",12:25:10,,12:26:06,0,0,,
2025-10-27,"Виговського, 5б Близенько 1.50 грн",13:53:23,,13:54:34,1,0,,
2025-10-27,"Виговського, 5б Близенько 1.50 грн",13:55:02,,14:03:24,8,0,,
2025-10-27,"Виговського, 5б Близенько 1.50 грн",14:03:33,,14:03:35,0,0,,
2025-10-27,"Під Голоском, 24б Близенько 1.50 грн",15:20:48,,15:20:51,0,0,,
2025-10-27,"Під Голоском, 24б Близенько 1.50 грн",15:35:57,,15:37:52,1,0,,
2025-10-27,"Миколайчука, 4а Близенько 2.00 грн",16:28:54,,16:29:56,1,0,,
2025-10-27,"Миколайчука, 4а Близенько 2.00 грн",16:32:17,,16:32:21,0,0,,
2025-10-27,"Пулюя, 40 Близенько 1.50 грн",17:37:16,,17:39:35,2,0,,
2025-10-27,"Пулюя, 40 Близенько 1.50 грн",17:39:46,,17:39:49,0,0,,
2025-10-27,"Пулюя, 29 Близенько 2.00 грн",17:46:33,,17:46:35,0,0,,
2025-10-27,"Пулюя, 29 Близенько 2.00 грн",17:46:38,,17:47:40,1,0,,
2025-10-27,"Пулюя, 29 Близенько 2.00 грн",17:50:49,,17:50:52,0,0,,
2025-10-28,"Личаківська, 70а Близенько 2.00 грн",14:39:33,Ігор,14:42:01,2,998,YES,
2025-10-28,"Тракт Глинянський, 163 Сімі 1.50 грн",15:15:09,Ігор,15:23:59,8,33,,
2025-10-28,"Тракт Глинянський, 163 Сімі 1.50 грн",15:25:29,Ігор,15:27:44,2,1,,
2025-10-28,"Тракт Глинянський, 163 Сімі 1.50 грн",15:30:19,Ігор,15:30:47,0,2,,
2025-10-28,"Тракт Глинянський, 163 Сімі 1.50 грн",15:40:45,Ігор,15:40:48,0,9,,
2025-10-28,"Лисиничі, Шухевича, 5 Близенько 2.00 грн",15:48:39,Ігор,16:01:44,13,7,,
2025-10-28,"Лисиничі, Шухевича, 5 Близенько 2.00 грн",16:04:00,Ігор,16:07:20,3,2,,
2025-10-28,"Лисиничі, Шухевича, 5 Близенько 2.00 грн",16:25:14,Ігор,16:25:24,0,17,,
2025-10-28,"Лисиничі, Шухевича, 5 Близенько 2.00 грн",16:25:26,Ігор,16:27:12,1,0,,
2025-10-28,"Винники, Винна гора, 10б Близенько 2.00 грн",16:49:34,Ігор,16:50:22,0,22,,
2025-10-28,"Винники, Сахарова, 10 Близенько 2.00 грн",17:46:07,Ігор,17:51:15,5,55,,
2025-10-28,"Винники, Сахарова, 10 Близенько 2.00 грн",18:31:00,Ігор,18:32:06,1,39,,
2025-10-28,"Винники, Сахарова, 10 Близенько 2.00 грн",18:32:57,Ігор,18:33:35,0,0,,
2025-10-28,"Винники, Сахарова, 10 Близенько 2.00 грн",18:34:11,Ігор,18:34:13,0,0,,
2025-10-28,"Винники, Винна гора, 10б Близенько 2.00 грн",19:15:33,Ігор,19:15:44,0,41,,
2025-10-28,"Січових Стрільців, 13 Близенько 2.00 грн",21:39:38,Ігор,21:40:25,0,143,,
2025-10-28,"Січових Стрільців, 13 Близенько 2.00 грн",21:41:39,Ігор,21:41:41,0,1,,YES
2025-10-28,"Чупринки, 84 Близенько 2.00 грн",08:12:09,Дмитро,08:17:34,5,818,YES,
2025-10-28,"Чупринки, 84 Близенько 2.00 грн",08:19:23,Дмитро,08:20:13,0,1,,
2025-10-28,"Чупринки, 84 Близенько 2.00 грн",08:22:04,Дмитро,08:22:06,0,1,,
2025-10-28,"В.Великого, 35а Близенько 2.00 грн",12:24:56,Дмитро,12:25:18,0,242,,
2025-10-28,"В.Великого, 35а Близенько 2.00 грн",12:25:29,Дмитро,12:29:06,3,0,,
2025-10-28,"В.Великого, 35а Близенько 2.00 грн",12:30:20,Дмитро,12:30:58,0,1,,
2025-10-28,"Сокільники, Збройних сил України, 2 1.50 грн",13:27:37,Дмитро,13:28:29,0,56,,
2025-10-28,"Сокільники, Збройних сил України, 2 1.50 грн",13:43:17,Дмитро,13:46:23,3,14,,
2025-10-28,"Сокільники, Збройних сил України, 2 1.50 грн",13:46:31,Дмитро,13:47:11,0,0,,
2025-10-28,"Кульпарківська, 172 Близенько 2,00 грн",20:44:45,Дмитро,20:46:11,1,417,,
2025-10-28,"Кульпарківська, 172 Близенько 2,00 грн",20:53:02,Дмитро,20:53:15,0,6,,
2025-10-28,"Кульпарківська, 172 Близенько 2,00 грн",20:55:31,Дмитро,20:55:43,0,2,,
2025-10-28,"Кульпарківська, 93 Близенько 2.00 грн",21:08:46,Дмитро,21:15:08,6,13,,YES
2025-10-28,"Зелена, 204 Близенько 2.00 грн",12:28:44,Руслан,12:30:03,1,1091,YES,
2025-10-28,"Зелена, 204 Близенько 2.00 грн",12:30:38,Руслан,12:35:38,5,0,,
2025-10-28,"Зелена, 204 Близенько 2.00 грн",12:36:37,Руслан,12:41:37,5,0,,
2025-10-28,"Зелена, 204 Близенько 2.00 грн",13:16:32,Руслан,13:17:01,0,34,,
2025-10-28,"Зелена, 204 Близенько 2.00 грн",13:17:41,Руслан,13:20:42,3,0,,
2025-10-28,"Зелена, 204 Близенько 2.00 грн",13:21:24,Руслан,13:26:24,5,0,,
2025-10-28,"Кульпарківська, 135 Близенько 2.00 грн",16:03:22,Руслан,16:04:21,0,156,,
2025-10-28,"Кульпарківська, 135 Близенько 2.00 грн",16:07:52,Руслан,16:07:54,0,3,,
2025-10-28,"Генерала Тарнавського, 104б Близенько 2.00 грн",16:44:24,Руслан,16:45:14,0,36,,
2025-10-28,"Генерала Тарнавського, 104б Близенько 2.00 грн",16:56:25,Руслан,16:56:28,0,11,,YES
2025-10-28,"Під Голоском, 24б Близенько 1.50 грн",09:40:39,,09:40:48,0,0,,
2025-10-28,"Наукова, 59 Близенько 1.50 грн",14:35:22,,14:35:26,0,0,,
2025-10-28,"Винники, Франка, 53 Близенько 1.50 грн",18:56:04,,18:59:31,3,0,,
2025-10-28,"Винники, Франка, 53 Близенько 1.50 грн",18:59:49,,19:01:27,1,0,,
2025-10-28,"Винники, Франка, 53 Близенько 1.50 грн",19:01:30,,19:02:25,0,0,,
2025-10-28,"просп.В.Чорновола, 101 Близенько 2.00 грн",20:57:13,,21:00:59,3,0,,
2025-10-28,"просп.В.Чорновола, 101 Близенько 2.00 грн",21:02:26,,21:03:39,1,0,,
2025-10-28,"просп.В.Чорновола, 101 Близенько 2.00 грн",21:03:53,,21:04:53,1,0,,
2025-10-28,"просп.В.Чорновола, 101 Близенько 2.00 грн",21:08:04,,21:12:03,3,0,,
2025-10-29,"Бандери, 69 Близенько 2.00 грн",19:36:27,Ігор,19:40:19,3,1314,YES,
2025-10-29,"Бандери, 69 Близенько 2.00 грн",19:40:41,Ігор,19:40:44,0,0,,
2025-10-29,"Бандери, 69 Близенько 2.00 грн",19:49:44,Ігор,19:49:46,0,9,,
2025-10-29,"Бандери, 69 Близенько 2.00 грн",19:50:32,Ігор,19:53:25,2,0,,
2025-10-29,"Бандери, 69 Близенько 2.00 грн",19:54:48,Ігор,19:54:59,0,1,,
2025-10-29,"Бандери, 69 Близенько 2.00 грн",19:55:53,Ігор,19:55:58,0,0,,
2025-10-29,"Бандери, 69 Близенько 2.00 грн",20:21:27,Ігор,20:22:02,0,25,,
2025-10-29,"Бандери, 69 Близенько 2.00 грн",20:24:54,Ігор,20:25:08,0,2,,
2025-10-29,"Личаківська, 4/6 Близенько 2.00 грн",20:58:01,Ігор,21:03:16,5,32,,
2025-10-29,"Личаківська, 4/6 Близенько 2.00 грн",21:07:20,Ігор,21:09:09,1,4,,
2025-10-29,"Личаківська, 4/6 Близенько 2.00 грн",21:15:22,Ігор,21:22:19,6,6,,
2025-10-29,"Личаківська, 4/6 Близенько 2.00 грн",21:25:31,Ігор,21:26:30,0,3,,YES
2025-10-29,"Золота, 25 Близенько 1.50 грн",13:25:19,Дмитро,13:30:49,5,970,YES,
2025-10-29,"Золота, 25 Близенько 1.50 грн",13:31:15,Дмитро,13:32:18,1,0,,
2025-10-29,"Шевченка, 80 Близенько 1.50 грн",14:36:27,Дмитро,14:36:40,0,64,,
2025-10-29,"Широка, 96а Близенько 1.50 грн",15:20:06,Дмитро,15:20:54,0,43,,
2025-10-29,"Широка, 96а Близенько 1.50 грн",15:33:55,Дмитро,15:33:58,0,13,,
2025-10-29,"Широка, 96а Близенько 1.50 грн",15:35:01,Дмитро,15:35:39,0,1,,
2025-10-29,"Любінська, 4 Близенько 1.50 грн",19:13:30,Дмитро,19:19:27,5,217,,
2025-10-29,"Братів Міхновських, 23 Близенько 2.00 грн",19:34:57,Дмитро,19:40:10,5,15,,
2025-10-29,"Братів Міхновських, 23 Близенько 2.00 грн",19:42:48,Дмитро,19:43:39,0,2,,
2025-10-29,"Братів Міхновських, 23 Близенько 2.00 грн",20:13:47,Дмитро,20:18:26,4,30,,
2025-10-29,"Братів Міхновських, 23 Близенько 2.00 грн",20:31:49,Дмитро,20:32:17,0,13,,
2025-10-29,"Братів Міхновських, 23 Близенько 2.00 грн",20:32:21,Дмитро,20:32:47,0,0,,
2025-10-29,"Кропивницького, 7/9 Близенько 2.00 грн",20:46:34,Дмитро,20:48:03,1,13,,
2025-10-29,"Кропивницького, 7/9 Близенько 2.00 грн",20:49:06,Дмитро,20:49:09,0,1,,
2025-10-29,"Федьковича, 38 Близенько 2.00 грн",21:30:52,Дмитро,21:37:34,6,41,,
2025-10-29,"Федьковича, 38 Близенько 2.00 грн",21:37:45,Дмитро,21:38:15,0,0,,YES
2025-10-29,"Угорська, 12 Близенько 1.50 грн",13:28:50,Руслан,13:35:05,6,1232,YES,
2025-10-29,"Угорська, 12 Близенько 1.50 грн",13:48:46,Руслан,13:48:48,0,13,,
2025-10-29,"Угорська, 14б Близенько 2.00 грн",14:01:09,Руслан,14:02:16,1,12,,
2025-10-29,"Угорська, 14б Близенько 2.00 грн",14:05:58,Руслан,14:06:12,0,3,,
2025-10-29,"Тернопільська, 8 Близенько 2.00 грн",15:15:36,Руслан,15:18:13,2,69,,
2025-10-29,"Тернопільська, 8 Близенько 2.00 грн",15:18:22,Руслан,15:18:24,0,0,,
2025-10-29,"Липова алея, 1 Близенько 1.50 грн",15:47:23,Руслан,15:48:31,1,28,,
2025-10-29,"Липова алея, 1 Близенько 1.50 грн",15:56:28,Руслан,15:57:20,0,7,,
2025-10-29,"Липова алея, 1 Близенько 1.50 грн",16:36:50,Руслан,16:36:52,0,39,,
2025-10-29,"Дунайська, 7 Близенько 1.50 грн",16:49:40,Руслан,16:51:02,1,12,,
2025-10-29,"Дунайська, 7 Близенько 1.50 грн",16:55:43,Руслан,16:55:46,0,4,,
2025-10-29,"Дунайська, 7 Близенько 1.50 грн",17:03:53,Руслан,17:05:37,1,8,,
2025-10-29,"Дунайська, 7 Близенько 1.50 грн",17:09:00,Руслан,17:09:02,0,3,,
2025-10-29,"Дністерська, 1 Близенько 1.50 грн",17:22:58,Руслан,17:24:03,1,13,,
2025-10-29,"Дністерська, 1 Близенько 1.50 грн",17:28:04,Руслан,17:28:06,0,4,,
2025-10-29,"Стрийська, 45в Близенько 1.50 грн",18:19:33,Руслан,18:25:26,5,51,,
2025-10-29,"Стрийська, 45в Близенько 1.50 грн",18:25:35,Руслан,18:25:37,0,0,,
2025-10-29,"Стрийська, 45в Близенько 1.50 грн",18:26:05,Руслан,18:26:21,0,0,,YES
2025-10-29,"Шевченка, 31б Близенько 2.00 грн",12:30:53,,12:34:56,4,0,,
2025-10-29,"Шевченка, 31б Близенько 2.00 грн",12:57:36,,12:57:48,0,0,,
2025-10-29,"Тернопільська, 21 Близенько 1.50 грн",13:09:13,,13:10:10,0,0,,
2025-10-29,"Тернопільська, 21 Близенько 1.50 грн",13:11:21,,13:11:23,0,0,,
2025-10-29,"Залізнична, 21 Близенько 1.50 грн",16:22:02,,16:25:13,3,0,,
2025-10-29,"Залізнична, 21 Близенько 1.50 грн",16:25:17,,16:26:26,1,0,,
2025-10-29,"Федьковича, 24 Близенько 1.50 грн",21:19:41,,21:21:51,2,0,,
2025-10-29,"Федьковича, 24 Близенько 1.50 грн",21:23:53,,21:23:57,0,0,,
2025-10-30,"Зелена, 17 Сімі 2.00 грн",16:37:56,Ігор,16:38:16,0,1151,YES,
2025-10-30,"Зелена, 17 Сімі 2.00 грн",16:40:37,Ігор,16:49:16,8,2,,
2025-10-30,"Зелена, 17 Сімі 2.00 грн",16:49:55,Ігор,16:57:34,7,0,,YES
2025-10-30,"Гашека, 17 Близенько 1.50 грн",09:02:52,Дмитро,09:02:54,0,684,YES,
2025-10-30,"Гашека, 17 Близенько 1.50 грн",09:05:22,Дмитро,09:06:07,0,2,,
2025-10-30,"Сокільники, Збройних сил України, 2 1.50 грн",20:45:42,Дмитро,20:46:23,0,699,,
2025-10-30,"Кульпарківська, 145 Близенько 1.50 грн",21:31:22,Дмитро,21:32:33,1,44,,
2025-10-30,"Кульпарківська, 145 Близенько 1.50 грн",21:43:22,Дмитро,21:43:26,0,10,,YES
2025-10-30,"Медової печери, 65 Близенько 1.50 грн",11:39:49,Руслан,11:39:57,0,1033,YES,
2025-10-30,"Медової печери, 65 Близенько 1.50 грн",11:41:15,Руслан,11:47:06,5,1,,
2025-10-30,"Медової печери, 65 Близенько 1.50 грн",11:54:21,Руслан,11:59:21,5,7,,
2025-10-30,"Медової печери, 65 Близенько 1.50 грн",11:59:32,Руслан,12:04:32,5,0,,
2025-10-30,"Медової печери, 65 Близенько 1.50 грн",12:04:48,Руслан,12:09:49,5,0,,
2025-10-30,"Медової печери, 65 Близенько 1.50 грн",12:10:33,Руслан,12:17:41,7,0,,
2025-10-30,"Садівнича, 27 Близенько 2.00 грн",12:43:20,Руслан,12:44:12,0,25,,
2025-10-30,"Садівнича, 27 Близенько 2.00 грн",12:51:16,Руслан,12:59:57,8,7,,
2025-10-30,"Пасічна, 84а Близенько 2.00 грн",14:06:02,Руслан,14:07:57,1,66,,
2025-10-30,"Пасічна, 84а Близенько 2.00 грн",14:33:25,Руслан,14:33:27,0,25,,
2025-10-30,"Городоцька, 213 Близенько 1.50 грн",17:50:32,Руслан,17:55:47,5,197,,
2025-10-30,"Городоцька, 213 Близенько 1.50 грн",18:00:31,Руслан,18:01:39,1,4,,YES
2025-10-30,"Наукова, 59 Близенько 1.50 грн",21:13:36,,21:13:47,0,0,,
2025-10-30,"Наукова, 59 Близенько 1.50 грн",21:14:49,,21:15:31,0,0,,
2025-10-30,"Наукова, 59 Близенько 1.50 грн",21:20:19,,21:21:00,0,0,,
2025-10-31,"Князя Романа, 9 Близенько 2.00 грн",12:52:32,Ігор,12:55:58,3,1194,YES,
2025-10-31,"Князя Романа, 9 Близенько 2.00 грн",12:57:01,Ігор,12:57:11,0,1,,
2025-10-31,"Бандери, 69 Близенько 2.00 грн",17:36:41,Ігор,17:37:07,0,279,,
2025-10-31,"Городоцька, 45 Близенько 2.00 грн",18:04:11,Ігор,18:09:04,4,27,,
2025-10-31,"Городоцька, 45 Близенько 2.00 грн",18:09:38,Ігор,18:10:39,1,0,,
2025-10-31,"Городоцька, 45 Близенько 2.00 грн",18:14:17,Ігор,18:15:42,1,3,,
2025-10-31,"Городоцька, 45 Близенько 2.00 грн",18:21:43,Ігор,18:27:34,5,6,,
2025-10-31,"Городоцька, 45 Близенько 2.00 грн",18:28:18,Ігор,18:30:02,1,0,,
2025-10-31,"Городоцька, 45 Близенько 2.00 грн",18:37:14,Ігор,18:41:33,4,7,,
2025-10-31,"Городоцька, 45 Близенько 2.00 грн",18:47:26,Ігор,18:47:50,0,5,,
2025-10-31,"Городоцька, 45 Близенько 2.00 грн",18:48:25,Ігор,18:49:16,0,0,,
2025-10-31,"Городоцька, 45 Близенько 2.00 грн",18:50:22,Ігор,18:52:40,2,1,,YES
2025-10-31,"Шевченка, 45 Близенько 1.50 грн",09:02:23,Дмитро,09:02:27,0,678,YES,
2025-10-31,"Шевченка, 45 Близенько 1.50 грн",09:02:32,Дмитро,09:04:25,1,0,,
2025-10-31,"Шевченка, 45 Близенько 1.50 грн",09:12:04,Дмитро,09:14:16,2,7,,
2025-10-31,"Шевченка, 45 Близенько 1.50 грн",09:19:05,Дмитро,09:25:08,6,4,,
2025-10-31,"Шевченка, 45 Близенько 1.50 грн",09:36:59,Дмитро,09:37:35,0,11,,
2025-10-31,"Шевченка, 45 Близенько 1.50 грн",09:37:37,Дмитро,09:38:07,0,0,,
2025-10-31,"Шевченка, 80 Близенько 1.50 грн",09:54:43,Дмитро,09:54:57,0,16,,
2025-10-31,"Марка Вовчка, 24 Чарка 2.00 грн",10:21:17,Дмитро,10:28:55,7,26,,
2025-10-31,"Марка Вовчка, 24 Чарка 2.00 грн",12:15:26,Дмитро,12:18:14,2,106,,
2025-10-31,"Суботівська, 10а Близенько 1.50 грн",18:18:56,Дмитро,18:19:45,0,360,,
2025-10-31,"Суботівська, 10а Близенько 1.50 грн",18:34:52,Дмитро,18:35:28,0,15,,
2025-10-31,"Суботівська, 7 Близенько 1.50 грн",18:42:06,Дмитро,18:43:07,1,6,,
2025-10-31,"Повітряна, 78 Близенько 2.00 грн",18:53:22,Дмитро,19:00:51,7,10,,
2025-10-31,"Рудненська, 8ж Близенько 2.00 грн",19:19:42,Дмитро,19:26:48,7,18,,
2025-10-31,"Сокільники, Г.Сковороди, 56 Близенько 1.50 грн",19:56:52,Дмитро,19:57:01,0,30,,
2025-10-31,"Сокільники, Г.Сковороди, 56 Близенько 1.50 грн",19:59:14,Дмитро,19:59:36,0,2,,
2025-10-31,"Сокільники, Весняна, 18 Близенько 1.50 грн",20:22:59,Дмитро,20:24:36,1,23,,
2025-10-31,"Сокільники, Весняна, 18 Близенько 1.50 грн",20:30:17,Дмитро,20:30:21,0,5,,
2025-10-31,"Сокільники, Весняна, 18 Близенько 1.50 грн",20:36:09,Дмитро,20:36:49,0,5,,YES
2025-10-31,"Зелена, 44 Близенько 2.00 грн",11:58:40,Руслан,12:04:24,5,1077,YES,
2025-10-31,"Зелена, 44 Близенько 2.00 грн",12:13:24,Руслан,12:13:27,0,9,,
2025-10-31,"Йосифа Сліпого, 22 Близенько 2.00 грн",12:35:07,Руслан,12:36:19,1,21,,
2025-10-31,"Йосифа Сліпого, 22 Близенько 2.00 грн",12:40:06,Руслан,12:40:08,0,3,,
2025-10-31,"Родини Крушельницьких, 1а Близенько 2.00 грн",13:05:50,Руслан,13:06:49,0,25,,
2025-10-31,"Родини Крушельницьких, 1а Близенько 2.00 грн",13:22:14,Руслан,13:22:17,0,15,,
2025-10-31,"Левицького, 106 Penkermarket 2.00 грн",13:45:33,Руслан,13:51:26,5,23,,
2025-10-31,"Левицького, 106 Penkermarket 2.00 грн",13:54:30,Руслан,13:54:33,0,3,,
2025-10-31,"Мечнікова, 16е Близенько 2.00 грн",14:11:14,Руслан,14:12:23,1,16,,
2025-10-31,"Мечнікова, 16е Близенько 2.00 грн",14:25:34,Руслан,14:25:36,0,13,,
2025-10-31,"Вашингтона, 4в Близенько 2.00 грн",15:48:24,Руслан,15:54:32,6,82,,
2025-10-31,"Вашингтона, 4в Близенько 2.00 грн",16:16:01,Руслан,16:16:11,0,21,,
2025-10-31,"Вашингтона, 4в Близенько 2.00 грн",16:19:29,Руслан,16:19:33,0,3,,
2025-10-31,"Лисеницька, 9 Близенько 2.00 грн",16:51:58,Руслан,16:53:26,1,32,,
2025-10-31,"Лисеницька, 9 Близенько 2.00 грн",16:57:02,Руслан,16:57:04,0,3,,
2025-10-31,"Пасічна, 171 Близенько 1.50 грн",17:17:59,Руслан,17:19:02,1,20,,
2025-10-31,"Пасічна, 171 Близенько 1.50 грн",17:22:59,Руслан,17:23:02,0,3,,
2025-10-31,"Гориня, 39 Близенько 1.50 грн",18:31:13,Руслан,18:31:15,0,68,,
2025-10-31,"Гориня, 39 Близенько 1.50 грн",18:46:14,Руслан,18:46:25,0,14,,
2025-10-31,"Гориня, 39 Близенько 1.50 грн",18:48:37,Руслан,18:50:07,1,2,,
2025-10-31,"Гориня, 39 Близенько 1.50 грн",18:54:40,Руслан,18:56:27,1,4,,
2025-10-31,"Гориня, 39 Близенько 1.50 грн",18:57:02,Руслан,18:59:26,2,0,,
2025-10-31,"Гориня, 39 Близенько 1.50 грн",19:00:39,Руслан,19:01:24,0,1,,
2025-10-31,"Гориня, 39 Близенько 1.50 грн",19:06:38,Руслан,19:07:19,0,5,,
2025-10-31,"Петлюри, 2а Кафе 2.00 грн",19:58:34,Руслан,19:58:37,0,51,,
2025-10-31,"Петлюри, 2а Кафе 2.00 грн",19:59:34,Руслан,19:59:36,0,0,,YES
2025-10-31,"Художня, 4 Близенько 2.00 грн",12:58:27,,13:01:24,2,0,,
2025-10-31,"Освицька, 1 Близенько 1.00 грн",17:42:23,,17:50:53,8,0,,
2025-10-31,"Освицька, 1 Близенько 1.00 грн",17:51:42,,17:51:46,0,0,,
2025-10-31,"Мундяк Марії, 8 Близенько 2.00 грн",17:58:00,,18:00:19,2,0,,
2025-10-31,"Мундяк Марії, 8 Близенько 2.00 грн",18:00:28,,18:03:04,2,0,,
2025-11-01,"Сокільники, Г.Сковороди, 56 Близенько 1.50 грн",11:13:13,Дмитро,11:13:39,0,876,YES,
2025-11-01,"Сокільники, Г.Сковороди, 56 Близенько 1.50 грн",11:23:50,Дмитро,11:30:02,6,10,,YES
2025-11-01,"Біберовича, 11 Близенько 1.50 грн",12:59:33,Руслан,12:59:35,0,1019,YES,
2025-11-01,"Виговського, 5 Сімі 2.00 грн",13:38:43,Руслан,13:38:45,0,39,,
2025-11-01,"Стрийська, 108 ЖК Національний 1.50 грн",14:22:23,Руслан,14:23:23,1,43,,
2025-11-01,"Стрийська, 108 ЖК Національний 1.50 грн",14:25:14,Руслан,14:25:17,0,1,,
2025-11-01,"Драгана, 4б Близенько 2.00 грн",16:52:24,Руслан,16:53:38,1,147,,
2025-11-01,"Драгана, 4б Близенько 2.00 грн",16:56:17,Руслан,16:56:20,0,2,,
2025-11-01,"Антонича, 6 Близенько 2.00 грн",17:08:26,Руслан,17:08:31,0,12,,
2025-11-01,"Антонича, 6 Близенько 2.00 грн",17:08:35,Руслан,17:10:59,2,0,,
2025-11-01,"Антонича, 6 Близенько 2.00 грн",17:11:07,Руслан,17:11:08,0,0,,
2025-11-01,"Довженка, 5 Близенько 1.50 грн",17:38:27,Руслан,17:39:19,0,27,,
2025-11-01,"Довженка, 5 Близенько 1.50 грн",17:41:08,Руслан,17:41:10,0,1,,
2025-11-01,"Кубійовича, 31 Близенько 2.0",18:14:13,Руслан,18:18:17,4,33,,
2025-11-01,"Кубійовича, 31 Близенько 2.0",18:19:34,Руслан,18:19:37,0,1,,
2025-11-01,"Левицького, 43а Кишенька 2.00 грн",18:26:36,Руслан,18:27:48,1,6,,
2025-11-01,"Левицького, 43а Кишенька 2.00 грн",18:30:08,Руслан,18:30:09,0,2,,YES
2025-11-02,"Мазепи, 26 Близенько 2.00 грн",13:17:21,,13:18:09,0,0,,
2025-11-02,"Мазепи, 26 Близенько 2.00 грн",13:18:27,,13:21:13,2,0,,
2025-11-02,"Мазепи, 26 Близенько 2.00 грн",13:25:51,,13:26:19,0,0,,
2025-11-03,"Зарицьких, 5 Близенько 2.00 грн",15:15:22,Ігор,15:15:25,0,4102,YES,
2025-11-03,"Зарицьких, 5 Близенько 2.00 грн",15:15:46,Ігор,15:17:56,2,0,,YES
2025-11-03,"Гашека, 17 Близенько 1.50 грн",08:04:48,Дмитро,08:04:50,0,2674,YES,
2025-11-03,"Гашека, 17 Близенько 1.50 грн",08:09:15,Дмитро,08:09:28,0,4,,
2025-11-03,"Стрийська, 115 Близенько 1.50 грн",09:18:34,Дмитро,09:21:33,2,69,,
2025-11-03,"Стрийська, 115 Близенько 1.50 грн",09:31:09,Дмитро,09:36:51,5,9,,
2025-11-03,"Стрийська, 115 Близенько 1.50 грн",09:38:57,Дмитро,09:44:34,5,2,,
2025-11-03,"Мікльоша, 17 Близенько 1.50 грн",10:19:15,Дмитро,10:27:31,8,34,,
2025-11-03,"Наукова, 96 Близенько 1.50 грн",11:09:31,Дмитро,11:10:59,1,42,,
2025-11-03,"Дзиндри, 1а Близенько 2.00 грн",14:15:52,Дмитро,14:17:00,1,184,,
2025-11-03,"Коновальця, 50 Близенько 2 грн",19:20:46,Дмитро,19:26:40,5,303,,
2025-11-03,"Коновальця, 50 Близенько 2 грн",19:31:19,Дмитро,19:33:09,1,4,,
2025-11-03,"Коперніка, 56 Свій Маркет 2.00 грн",19:44:47,Дмитро,19:45:51,1,11,,
2025-11-03,"Сахарова, 60 Близенько 2.00 грн",20:23:51,Дмитро,20:29:25,5,38,,
2025-11-03,"Сахарова, 60 Близенько 2.00 грн",20:34:54,Дмитро,20:39:52,4,5,,
2025-11-03,"Сахарова, 60 Близенько 2.00 грн",20:40:23,Дмитро,20:40:50,0,0,,YES
2025-11-03,"Багряного, 39 Близенько 2.00 грн",10:47:38,Руслан,10:47:42,0,2417,YES,
2025-11-03,"Багряного, 39 Близенько 2.00 грн",10:48:48,Руслан,10:49:11,0,1,,
2025-11-03,"Генерала Тарнавського, 104б Близенько 2.00 грн",11:26:34,Руслан,11:26:37,0,37,,
2025-11-03,"Генерала Тарнавського, 104б Близенько 2.00 грн",11:50:53,Руслан,11:51:52,0,24,,
2025-11-03,"Угорська, 14б Близенько 2.00 грн",12:26:17,Руслан,12:26:28,0,34,,
2025-11-03,"Стрийська, 45в Близенько 1.50 грн",14:35:47,Руслан,14:43:42,7,129,,
2025-11-03,"Стрийська, 45в Близенько 1.50 грн",14:44:04,Руслан,14:45:34,1,0,,
2025-11-03,"Стрийська, 45в Близенько 1.50 грн",15:00:08,Руслан,15:00:37,0,14,,
2025-11-03,"Скорини, 44 Близенько 1.50 грн",15:10:33,Руслан,15:12:43,2,9,,
2025-11-03,"Скорини, 44 Близенько 1.50 грн",15:29:10,Руслан,15:30:29,1,16,,
2025-11-03,"Скорини, 44 Близенько 1.50 грн",15:36:15,Руслан,15:36:41,0,5,,
2025-11-03,"Мечнікова, 16е Близенько 2.00 грн",17:20:09,Руслан,17:20:44,0,103,,YES
2025-11-03,"Стрийська, 61 Близенько 1.50 грн",08:20:47,,08:27:36,6,0,,
2025-11-03,"Стрийська, 61 Близенько 1.50 грн",08:39:51,,08:39:56,0,0,,
2025-11-03,"В.Великого, 103 Близенько 1.50 грн",12:29:16,,12:34:43,5,0,,
2025-11-04,"Коперніка, 56 Свій Маркет 2.00 грн",08:20:41,Дмитро,08:20:44,0,699,YES,
2025-11-04,"Суботівська, 7 Близенько 1.50 грн",09:22:20,Дмитро,09:22:23,0,61,,
2025-11-04,"Суботівська, 7 Близенько 1.50 грн",09:22:34,Дмитро,09:22:49,0,0,,
2025-11-04,"Кульпарківська, 93 Близенько 2.00 грн",13:01:38,Дмитро,13:06:50,5,218,,YES
2025-11-04,"Городоцька, 226а Близенько 2.00 грн",15:53:53,Руслан,15:53:56,0,1353,YES,
2025-11-04,"Городоцька, 226а Близенько 2.00 грн",16:01:25,Руслан,16:01:30,0,7,,
2025-11-04,"Лапаївка, Геофізиків, 17 Близенько 2.00 грн",16:19:55,Руслан,16:19:58,0,18,,
2025-11-04,"Лапаївка, Геофізиків, 17 Близенько 2.00 грн",16:21:50,Руслан,16:21:56,0,1,,YES
2025-11-04,"Замарстинівська, 55г Близенько 2.00 грн",09:39:35,,09:39:43,0,0,,
2025-11-04,"Пулюя, 29 Близенько 2.00 грн",12:19:33,,12:19:35,0,0,,
2025-11-04,"Пулюя, 29 Близенько 2.00 грн",12:20:48,,12:20:51,0,0,,
2025-11-04,"Пулюя, 29 Близенько 2.00 грн",12:20:56,,12:21:07,0,0,,
2025-11-04,"Виговського, 5б Близенько 1.50 грн",14:47:11,,14:51:25,4,0,,
2025-11-04,"Виговського, 5б Близенько 1.50 грн",14:59:09,,14:59:13,0,0,,
2025-11-04,"Виговського, 5б Близенько 1.50 грн",14:59:15,,15:04:26,5,0,,
2025-11-04,"Виговського, 5б Близенько 1.50 грн",15:30:49,,15:30:53,0,0,,
2025-11-04,"Виговського, 5б Близенько 1.50 грн",15:34:01,,15:34:04,0,0,,
2025-11-05,"Личаківська, 70а Близенько 2.00 грн",16:31:26,Ігор,16:36:18,4,2953,YES,
2025-11-05,"Личаківська, 70а Близенько 2.00 грн",16:36:56,Ігор,16:37:55,0,0,,
2025-11-05,"Грушевського, 7/9 Близенько 2.00 грн",20:28:20,Ігор,20:31:03,2,230,,YES
2025-11-05,"Дзиндри, 1а Близенько 2.00 грн",08:09:42,Дмитро,08:09:50,0,1142,YES,YES
2025-11-05,"Левицького, 106 Penkermarket 2.00 грн",16:57:04,Руслан,17:02:10,5,1475,YES,
2025-11-05,"Левицького, 106 Penkermarket 2.00 грн",17:03:30,Руслан,17:03:40,0,1,,
2025-11-05,"Левицького, 106 Penkermarket 2.00 грн",17:05:39,Руслан,17:05:42,0,1,,
2025-11-05,"Родини Крушельницьких, 1а Близенько 2.00 грн",17:31:48,Руслан,17:31:50,0,26,,YES
2025-11-06,"просп.В.Чорновола, 7а Близенько 2.00 грн",17:25:40,Ігор,17:31:18,5,1254,YES,
2025-11-06,"просп.В.Чорновола, 7а Близенько 2.00 грн",17:32:05,Ігор,17:32:13,0,0,,
2025-11-06,"просп.В.Чорновола, 7а Близенько 2.00 грн",17:35:42,Ігор,17:42:03,6,3,,
2025-11-06,"Замарстинівська, 170н Близенько 2.00 грн",19:11:35,Ігор,19:11:45,0,89,,
2025-11-06,"Замарстинівська, 170н Близенько 2.00 грн",19:14:32,Ігор,19:19:50,5,2,,
2025-11-06,"Замарстинівська, 170н Близенько 2.00 грн",20:11:34,Ігор,20:16:57,5,51,,
2025-11-06,"Замарстинівська, 170н Близенько 2.00 грн",20:20:28,Ігор,20:20:30,0,3,,
2025-11-06,"Тичини, 14 Близенько 2.00 грн",20:31:13,Ігор,20:37:27,6,10,,
2025-11-06,"Тичини, 14 Близенько 2.00 грн",20:38:30,Ігор,20:38:38,0,1,,
2025-11-06,"просп.В.Чорновола, 69 Близенько 2.00 грн",20:52:04,Ігор,20:52:27,0,13,,
2025-11-06,"просп.В.Чорновола, 69 Близенько 2.00 грн",20:56:08,Ігор,20:56:29,0,3,,YES
2025-11-06,"В.Великого, 1 Близенько 2.00 грн",08:08:05,Дмитро,08:11:21,3,1438,YES,
2025-11-06,"В.Великого, 1 Близенько 2.00 грн",08:26:24,Дмитро,08:28:34,2,15,,
2025-11-06,"В.Великого, 1 Близенько 2.00 грн",08:30:01,Дмитро,08:30:47,0,1,,
2025-11-06,"В.Великого, 1 Близенько 2.00 грн",08:35:03,Дмитро,08:36:24,1,4,,
2025-11-06,"Кульпарківська, 145 Близенько 1.50 грн",15:07:10,Дмитро,15:07:12,0,390,,
2025-11-06,"Кульпарківська, 59 Близенько 2.00 грн",16:17:31,Дмитро,16:17:33,0,70,,
2025-11-06,"Сокільники, Збройних сил України, 2 1.50 грн",19:14:22,Дмитро,19:14:24,0,176,,YES
2025-11-06,"Брюховицька, 143 Близенько 2.00 грн",11:45:13,Руслан,11:45:16,0,1093,YES,
2025-11-06,"Брюховицька, 143 Близенько 2.00 грн",12:30:40,Руслан,12:30:42,0,45,,YES
2025-11-06,"В.Великого, 75 Близенько 1.50 грн",09:37:04,,09:37:52,0,0,,
2025-11-06,"В.Великого, 75 Близенько 1.50 грн",12:54:35,,13:00:12,5,0,,
2025-11-06,"В.Великого, 75 Близенько 1.50 грн",13:14:11,,13:15:04,0,0,,
2025-11-06,"В.Великого, 75 Близенько 1.50 грн",13:15:05,,13:15:24,0,0,,
2025-11-06,"просп.В.Чорновола, 55 Близенько 2.00 грн",16:21:17,,16:22:57,1,0,,
2025-11-06,"просп.В.Чорновола, 101 Близенько 2.00 грн",18:12:54,,18:30:40,17,0,,
2025-11-06,"просп.В.Чорновола, 101 Близенько 2.00 грн",18:39:05,,18:39:34,0,0,,
2025-11-06,"просп.В.Чорновола, 67ж Близенько 1.50 грн",21:09:36,,21:13:58,4,0,,
2025-11-06,"просп.В.Чорновола, 67ж Близенько 1.50 грн",21:14:17,,21:14:49,0,0,,
2025-11-06,"просп.В.Чорновола, 67ж Близенько 1.50 грн",21:15:01,,21:15:18,0,0,,
2025-11-06,"просп.В.Чорновола, 67ж Близенько 1.50 грн",21:15:19,,21:16:14,0,0,,
2025-11-07,"Мазепи, 26 Близенько 2.00 грн",17:25:36,Ігор,17:31:12,5,1229,YES,
2025-11-07,"Веливока, 9 Близенько 2.00 грн",18:42:42,Ігор,18:46:35,3,71,,
2025-11-07,"Веливока, 9 Близенько 2.00 грн",18:47:02,Ігор,18:47:24,0,0,,
2025-11-07,"Веливока, 9 Близенько 2.00 грн",18:57:25,Ігор,19:08:17,10,10,,
2025-11-07,"Веливока, 9 Близенько 2.00 грн",19:08:49,Ігор,19:17:34,8,0,,
2025-11-07,"Веливока, 9 Близенько 2.00 грн",19:17:54,Ігор,19:29:31,11,0,,
2025-11-07,"Веливока, 9 Близенько 2.00 грн",19:30:54,Ігор,19:34:41,3,1,,
2025-11-07,"Веливока, 9 Близенько 2.00 грн",19:38:50,Ігор,19:38:53,0,4,,
2025-11-07,"Веливока, 9 Близенько 2.00 грн",19:38:54,Ігор,19:39:17,0,0,,
2025-11-07,"Веливока, 9 Близенько 2.00 грн",19:52:36,Ігор,19:52:54,0,13,,YES
2025-11-07,"Кн.Ольги, 100к Близенько 2.00 грн",08:21:45,Дмитро,08:22:49,1,787,YES,
2025-11-07,"Роксоляни, 57 Близенько 2.00 грн",13:52:47,Дмитро,13:52:50,0,329,,
2025-11-07,"Широка, 96а Близенько 1.50 грн",14:00:48,Дмитро,14:00:51,0,7,,
2025-11-07,"Широка, 96а Близенько 1.50 грн",14:01:01,Дмитро,14:01:04,0,0,,
2025-11-07,"Повітряна, 78 Близенько 2.00 грн",17:10:15,Дмитро,17:10:17,0,189,,
2025-11-07,"Повітряна, 78 Близенько 2.00 грн",17:19:35,Дмитро,17:21:18,1,9,,
2025-11-07,"Рудненська, 8ж Близенько 2.00 грн",17:45:59,Дмитро,17:51:08,5,24,,
2025-11-07,"Рудненська, 8ж Близенько 2.00 грн",17:58:42,Дмитро,18:00:46,2,7,,
2025-11-07,"Рудненська, 8ж Близенько 2.00 грн",18:00:57,Дмитро,18:04:41,3,0,,
2025-11-07,"Цегельского, 10 Близенько 2.00 грн",19:28:03,Дмитро,19:28:12,0,83,,YES
2025-11-07,"Городоцька, 213 Близенько 1.50 грн",12:16:03,Руслан,12:17:53,1,1425,YES,
2025-11-07,"Городоцька, 213 Близенько 1.50 грн",12:17:58,Руслан,12:18:03,0,0,,
2025-11-07,"Родини Крушельницьких, 1а Близенько 2.00 грн",15:36:42,Руслан,15:37:04,0,198,,
2025-11-07,"Родини Крушельницьких, 1а Близенько 2.00 грн",15:38:44,Руслан,15:39:51,1,1,,
2025-11-07,"Родини Крушельницьких, 1а Близенько 2.00 грн",15:50:44,Руслан,15:50:47,0,10,,
2025-11-07,"Мечнікова, 16е Близенько 2.00 грн",16:01:48,Руслан,16:06:54,5,11,,
2025-11-07,"Мечнікова, 16е Близенько 2.00 грн",16:21:05,Руслан,16:21:08,0,14,,
2025-11-07,"Левицького, 106 Penkermarket 2.00 грн",16:32:12,Руслан,16:33:17,1,11,,
2025-11-07,"Левицького, 106 Penkermarket 2.00 грн",16:34:49,Руслан,16:35:26,0,1,,
2025-11-07,"Левицького, 106 Penkermarket 2.00 грн",16:44:19,Руслан,16:44:41,0,8,,YES
2025-11-07,"Пулюя, 40 Близенько 1.50 грн",12:51:15,,12:53:20,2,0,,
2025-11-07,"Пулюя, 40 Близенько 1.50 грн",12:54:47,,12:54:51,0,0,,
2025-11-07,"Пулюя, 40 Близенько 1.50 грн",12:56:36,,12:56:54,0,0,,
2025-11-07,"Мазепи, 26 Близенько 2.00 грн",18:22:43,,18:22:55,0,0,,
2025-11-08,"Хмельницького, 76 Близенько 2.00 грн",17:13:26,Ігор,17:13:40,0,1280,YES,
2025-11-08,"Хмельницького, 76 Близенько 2.00 грн",17:18:49,Ігор,17:31:07,12,5,,
2025-11-08,"Хмельницького, 76 Близенько 2.00 грн",17:48:33,Ігор,17:53:45,5,17,,
2025-11-08,"Хмельницького, 76 Близенько 2.00 грн",19:02:49,Ігор,19:03:52,1,69,,
2025-11-08,"Хмельницького, 76 Близенько 2.00 грн",19:09:31,Ігор,19:09:34,0,5,,
2025-11-08,"Хмельницького, 76 Близенько 2.00 грн",19:09:37,Ігор,19:14:55,5,0,,
2025-11-08,"Хмельницького, 76 Близенько 2.00 грн",19:18:10,Ігор,19:18:29,0,3,,
2025-11-08,"Хмельницького, 76 Близенько 2.00 грн",19:24:21,Ігор,19:25:12,0,5,,
2025-11-08,"Хмельницького, 257 Близенько 2.00 грн",19:50:36,Ігор,19:51:47,1,25,,
2025-11-08,"Хмельницького, 257 Близенько 2.00 грн",19:58:30,Ігор,20:03:27,4,6,,
2025-11-08,"Хмельницького, 257 Близенько 2.00 грн",20:08:46,Ігор,20:08:49,0,5,,
2025-11-08,"Щурата, 9 Близенько 1.50 грн",21:21:59,Ігор,21:23:11,1,73,,
2025-11-08,"Щурата, 9 Близенько 1.50 грн",21:31:02,Ігор,21:31:05,0,7,,
2025-11-08,"Щурата, 9 Близенько 1.50 грн",21:31:09,Ігор,21:31:12,0,0,,
2025-11-08,"Липинського, 29 Близенько 2.00 грн",21:51:07,Ігор,21:51:10,0,19,,YES
2025-11-08,"Лапаївка, Геофізиків, 17 Близенько 2.00 грн",14:00:47,Руслан,14:01:57,1,1276,YES,
2025-11-08,"Лапаївка, Геофізиків, 17 Близенько 2.00 грн",14:09:15,Руслан,14:09:33,0,7,,YES
2025-11-08,"Грінченка, 6 Близенько 1.50 грн",20:19:09,,20:22:58,3,0,,
2025-11-08,"Грінченка, 6 Близенько 1.50 грн",20:23:22,,20:23:33,0,0,,
2025-11-08,"Очеретяна, 10 Близенько 1.50 грн",20:56:26,,21:02:16,5,0,,
2025-11-08,"Очеретяна, 10 Близенько 1.50 грн",21:02:26,,21:02:36,0,0,,
2025-11-08,"Очеретяна, 10 Близенько 1.50 грн",21:02:48,,21:02:59,0,0,,
2025-11-08,"Очеретяна, 10 Близенько 1.50 грн",21:03:11,,21:05:59,2,0,,
2025-11-08,"Очеретяна, 10 Близенько 1.50 грн",21:06:19,,21:06:31,0,0,,
2025-11-09,"Пекарська, 14 Близенько 2.00 грн",16:35:22,Ігор,16:36:38,1,1124,YES,
2025-11-09,"Пекарська, 14 Близенько 2.00 грн",16:39:58,Ігор,16:40:01,0,3,,
2025-11-09,"Пекарська, 14 Близенько 2.00 грн",16:48:48,Ігор,16:48:51,0,8,,
2025-11-09,"Пекарська, 14 Близенько 2.00 грн",16:49:32,Ігор,16:55:13,5,0,,
2025-11-09,"Личаківська, 86 Близенько 2.00 грн",17:04:45,Ігор,17:06:42,1,9,,
2025-11-09,"Личаківська, 86 Близенько 2.00 грн",17:06:44,Ігор,17:07:12,0,0,,
2025-11-09,"Личаківська, 86 Близенько 2.00 грн",17:08:39,Ігор,17:09:31,0,1,,
2025-11-09,"Личаківська, 86 Близенько 2.00 грн",17:12:16,Ігор,17:12:28,0,2,,
2025-11-09,"Личаківська, 86 Близенько 2.00 грн",17:14:04,Ігор,17:14:30,0,1,,
2025-11-09,"Личаківська, 86 Близенько 2.00 грн",17:17:44,Ігор,17:19:30,1,3,,
2025-11-09,"Котика, 9 Близенько 2.00 грн",17:52:08,Ігор,17:52:18,0,32,,
2025-11-09,"Котика, 9 Близенько 2.00 грн",18:00:12,Ігор,18:05:31,5,7,,
2025-11-09,"Котика, 9 Близенько 2.00 грн",18:10:10,Ігор,18:16:13,6,4,,
2025-11-09,"Котика, 9 Близенько 2.00 грн",18:20:12,Ігор,18:26:11,5,3,,
2025-11-09,"Котика, 9 Близенько 2.00 грн",19:35:32,Ігор,19:39:04,3,69,,
2025-11-09,"Котика, 9 Близенько 2.00 грн",19:44:51,Ігор,19:45:12,0,5,,
2025-11-09,"Винники, Сахарова, 10 Близенько 2.00 грн",20:25:11,Ігор,20:25:24,0,39,,
2025-11-09,"Винники, Сахарова, 10 Близенько 2.00 грн",20:33:16,Ігор,20:46:14,12,7,,
2025-11-09,"Винники, Сахарова, 10 Близенько 2.00 грн",20:49:49,Ігор,20:52:54,3,3,,
2025-11-09,"Личаківська, 70а Близенько 2.00 грн",21:38:58,Ігор,21:40:48,1,46,,
2025-11-09,"Личаківська, 70а Близенько 2.00 грн",21:45:49,Ігор,21:51:03,5,5,,
2025-11-09,"Личаківська, 70а Близенько 2.00 грн",21:51:22,Ігор,21:59:13,7,0,,
2025-11-09,"Личаківська, 70а Близенько 2.00 грн",22:04:14,Ігор,22:07:14,3,5,,
2025-11-09,"Личаківська, 70а Близенько 2.00 грн",22:19:44,Ігор,22:23:07,3,12,,YES
2025-11-09,"Наукова, 96 Близенько 1.50 грн",13:40:37,Дмитро,13:40:40,0,2532,YES,
2025-11-09,"Федьковича, 38 Близенько 2.00 грн",19:06:20,Дмитро,19:11:28,5,325,,
2025-11-09,"Федьковича, 38 Близенько 2.00 грн",19:17:39,Дмитро,19:17:57,0,6,,
2025-11-09,"Федьковича, 38 Близенько 2.00 грн",19:18:38,Дмитро,19:22:37,3,0,,
2025-11-09,"Федьковича, 38 Близенько 2.00 грн",19:26:32,Дмитро,19:27:03,0,3,,YES
2025-11-09,"Очеретяна, 10 Близенько 1.50 грн",14:02:55,,14:03:12,0,0,,
2025-11-09,"Художня, 4 Близенько 2.00 грн",18:33:07,,18:33:13,0,0,,
2025-11-10,"Федьковича, 38 Близенько 2.00 грн",18:58:26,Дмитро,19:03:36,5,1411,YES,
2025-11-10,"Федьковича, 38 Близенько 2.00 грн",19:56:17,Дмитро,19:56:49,0,52,,YES
2025-11-10,"Хмельницького, 257 Близенько 2.00 грн",13:54:40,,13:56:11,1,0,,
2025-11-10,"Пулюя, 29 Близенько 2.00 грн",15:31:13,,15:31:16,0,0,,
2025-11-10,"Хмельницького, 257 Близенько 2.00 грн",17:23:12,,17:24:08,0,0,,
2025-11-10,"Хмельницького, 257 Близенько 2.00 грн",17:24:27,,17:24:33,0,0,,
2025-11-11,"Князя Романа, 9 Близенько 2.00 грн",16:38:50,Ігор,16:47:35,8,2535,YES,
2025-11-11,"Князя Романа, 9 Близенько 2.00 грн",17:34:53,Ігор,17:41:07,6,47,,
2025-11-11,"Князя Романа, 9 Близенько 2.00 грн",18:47:19,Ігор,18:48:05,0,66,,
2025-11-11,"Князя Романа, 9 Близенько 2.00 грн",18:51:29,Ігор,18:56:21,4,3,,
2025-11-11,"Личаківська, 70а Близенько 2.00 грн",19:58:57,Ігор,20:04:03,5,62,,
2025-11-11,"Личаківська, 70а Близенько 2.00 грн",20:24:29,Ігор,20:24:30,0,20,,
2025-11-11,"Личаківська, 70а Близенько 2.00 грн",20:37:10,Ігор,20:37:13,0,12,,
2025-11-11,"Личаківська, 70а Близенько 2.00 грн",20:49:07,Ігор,20:51:10,2,11,,
2025-11-11,"Личаківська, 70а Близенько 2.00 грн",20:51:13,Ігор,20:51:16,0,0,,
2025-11-11,"Личаківська, 70а Близенько 2.00 грн",20:52:40,Ігор,20:52:43,0,1,,
2025-11-11,"Личаківська, 70а Близенько 2.00 грн",20:53:21,Ігор,20:53:22,0,0,,
2025-11-11,"Личаківська, 70а Близенько 2.00 грн",20:54:39,Ігор,20:55:07,0,1,,
2025-11-11,"Личаківська, 70а Близенько 2.00 грн",20:56:05,Ігор,20:57:52,1,0,,
2025-11-11,"Січових Стрільців, 13 Близенько 2.00 грн",21:25:19,Ігор,21:27:44,2,27,,
2025-11-11,"Січових Стрільців, 13 Близенько 2.00 грн",21:28:07,Ігор,21:29:31,1,0,,
2025-11-11,"Грушевського, 7/9 Близенько 2.00 грн",21:40:37,Ігор,21:44:26,3,11,,
2025-11-11,"Грушевського, 7/9 Близенько 2.00 грн",21:44:43,Ігор,21:44:45,0,0,,YES
2025-11-11,"В.Великого, 1 Близенько 2.00 грн",08:10:11,Дмитро,08:15:06,4,733,YES,
2025-11-11,"В.Великого, 1 Близенько 2.00 грн",08:15:24,Дмитро,08:15:26,0,0,,
2025-11-11,"Дзиндри, 1а Близенько 2.00 грн",13:13:14,Дмитро,13:13:19,0,297,,
2025-11-11,"Кульпарківська, 172 Близенько 2,00 грн",15:14:18,Дмитро,15:14:21,0,120,,
2025-11-11,"Федьковича, 38 Близенько 2.00 грн",16:45:51,Дмитро,16:51:11,5,91,,
2025-11-11,"Федьковича, 38 Близенько 2.00 грн",17:04:11,Дмитро,17:04:13,0,13,,
2025-11-11,"Федьковича, 38 Близенько 2.00 грн",17:04:16,Дмитро,17:05:31,1,0,,
2025-11-11,"Федьковича, 38 Близенько 2.00 грн",17:08:04,Дмитро,17:09:02,0,2,,
2025-11-11,"Федьковича, 38 Близенько 2.00 грн",17:09:53,Дмитро,17:12:08,2,0,,
2025-11-11,"Любінська, 4 Близенько 1.50 грн",19:56:08,Дмитро,19:56:11,0,164,,YES
2025-11-11,"Левицького, 106 Penkermarket 2.00 грн",12:25:07,Руслан,12:29:55,4,4215,YES,
2025-11-11,"Левицького, 106 Penkermarket 2.00 грн",12:30:04,Руслан,12:30:06,0,0,,
2025-11-11,"Генерала Тарнавського, 104б Близенько 2.00 грн",12:53:46,Руслан,12:53:48,0,23,,
2025-11-11,"Генерала Тарнавського, 104б Близенько 2.00 грн",12:56:26,Руслан,13:01:30,5,2,,
2025-11-11,"Генерала Тарнавського, 104б Близенько 2.00 грн",13:02:35,Руслан,13:02:38,0,1,,
2025-11-11,"Генерала Тарнавського, 104б Близенько 2.00 грн",13:03:19,Руслан,13:03:29,0,0,,
2025-11-11,"Дністерська, 1 Близенько 1.50 грн",13:34:50,Руслан,13:34:53,0,31,,
2025-11-11,"Зелена, 204 Близенько 2.00 грн",15:03:03,Руслан,15:08:11,5,88,,
2025-11-11,"Зелена, 204 Близенько 2.00 грн",15:16:16,Руслан,15:16:26,0,8,,
2025-11-11,"Зелена, 204 Близенько 2.00 грн",15:18:00,Руслан,15:18:02,0,1,,YES
2025-11-11,"Хмельницького, 257 Близенько 2.00 грн",11:18:49,,11:18:52,0,0,,
2025-11-11,"Хмельницького, 257 Близенько 2.00 грн",11:18:56,,11:19:11,0,0,,
2025-11-11,"Шевченка, 111 Близенько 1.50 грн",11:39:42,,11:40:30,0,0,,
2025-11-11,"В.Великого, 103 Близенько 1.50 грн",12:49:22,,12:49:27,0,0,,
2025-11-11,"В.Великого, 103 Близенько 1.50 грн",12:50:37,,12:50:42,0,0,,
2025-11-11,"Пулюя, 29 Близенько 2.00 грн",16:04:20,,16:04:22,0,0,,
2025-11-11,"Ніжинська, 16 Близенько 2.00 грн",19:26:30,,19:40:37,14,0,,
2025-11-11,"Ніжинська, 16 Близенько 2.00 грн",19:40:38,,19:40:41,0,0,,
2025-11-11,"Шевченка, 31б Близенько 2.00 грн",19:43:02,,19:43:04,0,0,,
2025-11-11,"Ніжинська, 16 Близенько 2.00 грн",19:45:58,,19:46:29,0,0,,
2025-11-11,"Ніжинська, 16 Близенько 2.00 грн",19:46:54,,19:47:17,0,0,,
2025-11-12,"просп.В.Чорновола, 7а Близенько 2.00 грн",16:25:59,Ігор,16:26:16,0,1121,YES,
2025-11-12,"просп.В.Чорновола, 7а Близенько 2.00 грн",16:28:34,Ігор,16:28:37,0,2,,
2025-11-12,"Наливайка, 20 Близенько 2.00 грн",20:25:08,Ігор,20:27:47,2,236,,
2025-11-12,"Наливайка, 20 Близенько 2.00 грн",20:47:14,Ігор,20:47:16,0,19,,YES
2025-11-12,"Братів Міхновських, 23 Близенько 2.00 грн",14:13:59,Дмитро,14:14:42,0,1097,YES,
2025-11-12,"Братів Міхновських, 23 Близенько 2.00 грн",14:20:11,Дмитро,14:21:17,1,5,,
2025-11-12,"Братів Міхновських, 23 Близенько 2.00 грн",14:21:22,Дмитро,14:22:02,0,0,,YES
2025-11-12,"Сокільники, Героїв Майдану, 17в Близенько 2.00 грн",12:54:24,Руслан,12:54:27,0,1296,YES,
2025-11-12,"Сокільники, Героїв Майдану, 17в Близенько 2.00 грн",13:13:53,Руслан,13:14:59,1,19,,
2025-11-12,"Сокільники, Героїв Майдану, 17в Близенько 2.00 грн",13:27:58,Руслан,13:28:01,0,12,,
2025-11-12,"Сокільники, Героїв Майдану, 17в Близенько 2.00 грн",13:33:09,Руслан,13:33:12,0,5,,YES
2025-11-12,"Мазепи, 26 Близенько 2.00 грн",14:18:23,,14:18:26,0,0,,
2025-11-12,"Мазепи, 26 Близенько 2.00 грн",14:18:28,,14:28:54,10,0,,
2025-11-12,"Освицька, 1 Близенько 1.00 грн",14:30:06,,14:30:22,0,0,,
2025-11-12,"Освицька, 1 Близенько 1.00 грн",14:41:30,,14:42:26,0,0,,
2025-11-12,"Мазепи, 26 Близенько 2.00 грн",14:44:05,,14:48:11,4,0,,
2025-11-12,"Освицька, 1 Близенько 1.00 грн",15:02:49,,15:03:35,0,0,,
2025-11-12,"Освицька, 1 Близенько 1.00 грн",15:11:49,,15:11:53,0,0,,
2025-11-12,"Довбуша, 1 Товари з Італії 2.00 грн",18:16:28,,18:17:38,1,0,,
2025-11-12,"Довбуша, 1 Товари з Італії 2.00 грн",18:22:15,,18:22:17,0,0,,
2025-11-12,"Довбуша, 1 Товари з Італії 2.00 грн",18:29:54,,18:30:02,0,0,,
2025-11-12,"Пулюя, 40 Близенько 1.50 грн",19:16:42,,19:17:24,0,0,,
2025-11-12,"Пулюя, 40 Близенько 1.50 грн",19:18:00,,19:18:03,0,0,,
2025-11-12,"Пулюя, 40 Близенько 1.50 грн",19:18:41,,19:20:04,1,0,,
2025-11-12,"Наливайка, 20 Близенько 2.00 грн",19:53:50,,19:54:13,0,0,,
2025-11-12,"Наливайка, 20 Близенько 2.00 грн",19:54:15,,19:54:18,0,0,,
2025-11-12,"Наливайка, 20 Близенько 2.00 грн",19:54:20,,20:00:08,5,0,,
2025-11-12,"Наливайка, 20 Близенько 2.00 грн",20:02:08,,20:02:16,0,0,,
2025-11-13,"Зарицьких, 5 Близенько 2.00 грн",15:41:22,Ігор,15:44:48,3,1134,YES,
2025-11-13,"Зарицьких, 5 Близенько 2.00 грн",15:45:06,Ігор,15:45:10,0,0,,
2025-11-13,"Зелена, 17 Сімі 2.00 грн",16:18:50,Ігор,16:20:37,1,33,,
2025-11-13,"Зелена, 17 Сімі 2.00 грн",16:28:42,Ігор,16:29:36,0,8,,
2025-11-13,"Зелена, 17 Сімі 2.00 грн",16:29:38,Ігор,16:31:28,1,0,,
2025-11-13,"Зелена, 17 Сімі 2.00 грн",16:33:20,Ігор,16:33:29,0,1,,
2025-11-13,"Зелена, 17 Сімі 2.00 грн",16:33:32,Ігор,16:33:40,0,0,,
2025-11-13,"Пекарська, 14 Близенько 2.00 грн",16:57:23,Ігор,17:04:50,7,23,,
2025-11-13,"Пекарська, 14 Близенько 2.00 грн",17:07:31,Ігор,17:08:14,0,2,,
2025-11-13,"Пекарська, 14 Близенько 2.00 грн",17:24:38,Ігор,17:26:16,1,16,,
2025-11-13,"Пекарська, 14 Близенько 2.00 грн",17:40:11,Ігор,17:40:21,0,13,,
2025-11-13,"Пекарська, 14 Близенько 2.00 грн",17:42:10,Ігор,17:44:09,1,1,,
2025-11-13,"Пекарська, 14 Близенько 2.00 грн",18:10:39,Ігор,18:15:07,4,26,,
2025-11-13,"Пекарська, 14 Близенько 2.00 грн",18:19:44,Ігор,18:24:35,4,4,,
2025-11-13,"Пекарська, 14 Близенько 2.00 грн",18:26:41,Ігор,18:26:49,0,2,,
2025-11-13,"Пекарська, 14 Близенько 2.00 грн",18:28:11,Ігор,18:28:13,0,1,,
2025-11-13,"Довбуша, 1 Товари з Італії 2.00 грн",18:51:18,Ігор,18:55:12,3,23,,
2025-11-13,"Довбуша, 1 Товари з Італії 2.00 грн",18:55:43,Ігор,18:55:47,0,0,,
2025-11-13,"Гайдамацька, 9а Близенько 2.00 грн",19:40:25,Ігор,19:44:27,4,44,,
2025-11-13,"Гайдамацька, 9а Близенько 2.00 грн",19:44:46,Ігор,19:44:56,0,0,,
2025-11-13,"Личаківська, 4/6 Близенько 2.00 грн",19:55:05,Ігор,19:55:51,0,10,,
2025-11-13,"Личаківська, 4/6 Близенько 2.00 грн",20:08:41,Ігор,20:22:19,13,12,,
2025-11-13,"Личаківська, 4/6 Близенько 2.00 грн",20:24:27,Ігор,20:24:36,0,2,,
2025-11-13,"Личаківська, 4/6 Близенько 2.00 грн",20:29:31,Ігор,20:29:42,0,4,,
2025-11-13,"Личаківська, 4/6 Близенько 2.00 грн",20:32:36,Ігор,20:35:22,2,2,,
2025-11-13,"Личаківська, 4/6 Близенько 2.00 грн",20:38:39,Ігор,20:38:44,0,3,,
2025-11-13,"Котика, 9 Близенько 2.00 грн",20:49:00,Ігор,20:49:03,0,10,,
2025-11-13,"Котика, 9 Близенько 2.00 грн",20:51:12,Ігор,20:51:25,0,2,,
2025-11-13,"Веливока, 9 Близенько 2.00 грн",21:26:14,Ігор,21:27:39,1,34,,
2025-11-13,"Веливока, 9 Близенько 2.00 грн",21:33:58,Ігор,21:34:13,0,6,,
2025-11-13,"Личаківська, 70а Близенько 2.00 грн",21:52:03,Ігор,21:53:15,1,17,,
2025-11-13,"Личаківська, 70а Близенько 2.00 грн",21:53:31,Ігор,21:53:51,0,0,,YES
2025-11-13,"Брюховицька, 143 Близенько 2.00 грн",12:07:53,Руслан,12:07:56,0,1354,YES,
2025-11-13,"Брюховицька, 143 Близенько 2.00 грн",12:18:51,Руслан,12:19:33,0,10,,
2025-11-13,"Брюховицька, 143 Близенько 2.00 грн",12:38:39,Руслан,12:38:41,0,19,,
2025-11-13,"Брюховицька, 143 Близенько 2.00 грн",12:38:56,Руслан,12:38:58,0,0,,
2025-11-13,"Брюховицька, 143 Близенько 2.00 грн",12:40:30,Руслан,12:40:32,0,1,,
2025-11-13,"Брюховицька, 143 Близенько 2.00 грн",12:41:16,Руслан,12:41:18,0,0,,
2025-11-13,"Брюховицька, 143 Близенько 2.00 грн",12:42:35,Руслан,12:42:37,0,1,,
2025-11-13,"Брюховицька, 143 Близенько 2.00 грн",12:47:28,Руслан,12:47:47,0,4,,YES
2025-11-13,"Пулюя, 40 Близенько 1.50 грн",14:18:43,,14:19:20,0,0,,
2025-11-13,"Пулюя, 40 Близенько 1.50 грн",15:01:06,,15:01:10,0,0,,
2025-11-13,"В.Великого, 75 Близенько 1.50 грн",15:22:25,,15:22:39,0,0,,
2025-11-13,"В.Великого, 75 Близенько 1.50 грн",15:23:06,,15:23:14,0,0,,
2025-11-13,"В.Великого, 75 Близенько 1.50 грн",15:23:29,,15:24:12,0,0,,
2025-11-13,"В.Великого, 103 Близенько 1.50 грн",16:54:16,,16:54:21,0,0,,
2025-11-14,"Князя Романа, 9 Близенько 2.00 грн",15:40:51,Ігор,15:43:23,2,1067,YES,
2025-11-14,"просп. Свободи, 1/3 Близенько 2.00 грн",15:58:42,Ігор,16:02:33,3,15,,
2025-11-14,"просп. Свободи, 1/3 Близенько 2.00 грн",16:05:47,Ігор,16:08:25,2,3,,
2025-11-14,"Князя Романа, 9 Близенько 2.00 грн",20:31:37,Ігор,20:33:49,2,263,,
2025-11-14,"Січових Стрільців, 13 Близенько 2.00 грн",20:46:16,Ігор,20:47:20,1,12,,
2025-11-14,"Січових Стрільців, 13 Близенько 2.00 грн",20:48:40,Ігор,20:49:22,0,1,,
2025-11-14,"Січових Стрільців, 13 Близенько 2.00 грн",20:50:26,Ігор,20:52:37,2,1,,
2025-11-14,"просп. Свободи, 1/3 Близенько 2.00 грн",21:00:21,Ігор,21:02:43,2,7,,
2025-11-14,"просп. Свободи, 1/3 Близенько 2.00 грн",21:33:43,Ігор,21:33:46,0,31,,
2025-11-14,"просп. Свободи, 1/3 Близенько 2.00 грн",21:39:31,Ігор,21:40:06,0,5,,
2025-11-14,"просп. Свободи, 1/3 Близенько 2.00 грн",21:40:22,Ігор,21:41:07,0,0,,
2025-11-14,"просп. Свободи, 1/3 Близенько 2.00 грн",21:41:13,Ігор,21:41:15,0,0,,
2025-11-14,"просп. Свободи, 1/3 Близенько 2.00 грн",21:50:10,Ігор,21:50:18,0,8,,
2025-11-14,"просп. Свободи, 1/3 Близенько 2.00 грн",21:50:41,Ігор,21:51:29,0,0,,
2025-11-14,"просп. Свободи, 1/3 Близенько 2.00 грн",21:54:48,Ігор,21:54:52,0,3,,YES
2025-11-14,"Сокільники, Збройних сил України, 2 1.50 грн",10:22:08,Дмитро,10:29:44,7,2640,YES,
2025-11-14,"Сокільники, Збройних сил України, 2 1.50 грн",10:35:15,Дмитро,10:37:35,2,5,,YES
2025-11-14,"Лапаївка, Геофізиків, 17 Близенько 2.00 грн",13:44:12,Руслан,13:44:21,0,1496,YES,
2025-11-14,"Лапаївка, Геофізиків, 17 Близенько 2.00 грн",14:10:29,Руслан,14:12:17,1,26,,
2025-11-14,"Лапаївка, Геофізиків, 17 Близенько 2.00 грн",14:28:26,Руслан,14:28:28,0,16,,YES
2025-11-14,1_Water1,07:05:19,,07:05:28,0,0,,
2025-11-14,1_Water1,07:29:04,,07:29:18,0,0,,
2025-11-14,1_Water1,07:40:06,,07:40:11,0,0,,
2025-11-14,"Ніжинська, 16 Близенько 2.00 грн",15:08:42,,15:08:56,0,0,,
2025-11-14,"Кульпарківська, 230 Близенько 2.00 грн",15:11:30,,15:13:31,2,0,,
2025-11-14,"Кульпарківська, 230 Близенько 2.00 грн",15:13:40,,15:14:07,0,0,,
2025-11-15,"Лисиничі, Шухевича, 5 Близенько 2.00 грн",14:36:32,Ігор,14:37:15,0,1001,YES,
2025-11-15,"Винники, Винна гора, 10б Близенько 2.00 грн",15:00:21,Ігор,15:02:27,2,23,,
2025-11-15,"Винники, Винна гора, 10б Близенько 2.00 грн",15:05:51,Ігор,15:05:53,0,3,,
2025-11-15,"Винники, Сахарова, 10 Близенько 2.00 грн",15:15:03,Ігор,15:16:33,1,9,,
2025-11-15,"Винники, Сахарова, 10 Близенько 2.00 грн",15:25:54,Ігор,15:26:15,0,9,,
2025-11-15,"Винники, Сахарова, 10 Близенько 2.00 грн",15:26:43,Ігор,15:32:18,5,0,,
2025-11-15,"Винники, Сахарова, 10 Близенько 2.00 грн",15:35:30,Ігор,15:39:02,3,3,,
2025-11-15,"Винники, Сахарова, 10 Близенько 2.00 грн",15:40:41,Ігор,15:41:39,0,1,,
2025-11-15,"Винники, Сахарова, 10 Близенько 2.00 грн",15:41:53,Ігор,15:42:10,0,0,,
2025-11-15,"Винники, Сахарова, 10 Близенько 2.00 грн",15:50:22,Ігор,15:50:36,0,8,,
2025-11-15,"Веливока, 9 Близенько 2.00 грн",16:18:03,Ігор,16:20:16,2,27,,
2025-11-15,"Веливока, 9 Близенько 2.00 грн",16:24:18,Ігор,16:24:26,0,4,,
2025-11-15,"Веливока, 9 Близенько 2.00 грн",16:31:04,Ігор,16:31:07,0,6,,
2025-11-15,"Під Голоском, 24б Близенько 1.50 грн",16:46:11,Ігор,16:46:58,0,15,,
2025-11-15,"Під Голоском, 24б Близенько 1.50 грн",16:47:02,Ігор,16:47:31,0,0,,
2025-11-15,"Малоголосківська, 16 Близенько 2.00 грн",16:54:42,Ігор,16:56:32,1,7,,
2025-11-15,"Малоголосківська, 16 Близенько 2.00 грн",17:04:47,Ігор,17:07:04,2,8,,
2025-11-15,"Малоголосківська, 16 Близенько 2.00 грн",17:08:08,Ігор,17:08:19,0,1,,
2025-11-15,"Малоголосківська, 16 Близенько 2.00 грн",17:09:04,Ігор,17:12:28,3,0,,YES
2025-11-15,"Кульпарківська, 93 Близенько 2.00 грн",11:08:43,Дмитро,11:13:49,5,1471,YES,
2025-11-15,"Кульпарківська, 93 Близенько 2.00 грн",11:52:55,Дмитро,11:52:57,0,39,,
2025-11-15,"Кульпарківська, 93 Близенько 2.00 грн",11:53:01,Дмитро,11:53:05,0,0,,
2025-11-15,"Кульпарківська, 93 Близенько 2.00 грн",12:20:31,Дмитро,12:20:33,0,27,,
2025-11-15,"Кульпарківська, 93 Близенько 2.00 грн",12:21:46,Дмитро,12:22:14,0,1,,YES
2025-11-15,"Мечнікова, 16е Близенько 2.00 грн",13:47:05,Руслан,13:47:22,0,1398,YES,
2025-11-15,"Мечнікова, 16е Близенько 2.00 грн",13:51:32,Руслан,13:53:41,2,4,,
2025-11-15,"Кубійовича, 31 Близенько 2.0",14:32:57,Руслан,14:38:12,5,39,,
2025-11-15,"Кубійовича, 31 Близенько 2.0",14:43:52,Руслан,14:43:54,0,5,,
2025-11-15,"Городоцька, 213 Близенько 1.50 грн",17:49:54,Руслан,17:50:27,0,186,,
2025-11-15,"Городоцька, 213 Близенько 1.50 грн",17:50:38,Руслан,17:50:44,0,0,,YES
2025-11-15,"Шевченка, 111 Близенько 1.50 грн",15:46:29,,15:47:47,1,0,,
2025-11-15,"Шевченка, 111 Близенько 1.50 грн",15:47:53,,15:47:55,0,0,,
2025-11-16,"Любінська, 4 Близенько 1.50 грн",11:59:04,Дмитро,11:59:13,0,1416,YES,
2025-11-16,"Повітряна, 78 Близенько 2.00 грн",12:39:46,Дмитро,12:39:50,0,40,,
2025-11-16,"Суботівська, 7 Близенько 1.50 грн",13:28:50,Дмитро,13:31:55,3,49,,
2025-11-16,"Суботівська, 7 Близенько 1.50 грн",13:39:16,Дмитро,13:39:19,0,7,,
2025-11-16,"Суботівська, 10а Близенько 1.50 грн",14:09:37,Дмитро,14:10:23,0,30,,
2025-11-16,"Золота, 25 Близенько 1.50 грн",16:45:00,Дмитро,16:50:01,5,154,,
2025-11-16,"Чупринки, 84 Близенько 2.00 грн",17:33:13,Дмитро,17:34:00,0,43,,
2025-11-16,"Чупринки, 84 Близенько 2.00 грн",17:36:07,Дмитро,17:36:13,0,2,,
2025-11-16,"Чупринки, 84 Близенько 2.00 грн",17:36:59,Дмитро,17:37:27,0,0,,
2025-11-16,"Чупринки, 84 Близенько 2.00 грн",17:53:05,Дмитро,17:54:50,1,15,,
2025-11-16,"Чупринки, 84 Близенько 2.00 грн",17:54:54,Дмитро,17:57:53,2,0,,
2025-11-16,"Чупринки, 84 Близенько 2.00 грн",18:05:41,Дмитро,18:05:44,0,7,,
2025-11-16,"Чупринки, 84 Близенько 2.00 грн",18:06:41,Дмитро,18:06:43,0,0,,
2025-11-16,"Чупринки, 84 Близенько 2.00 грн",18:07:03,Дмитро,18:12:18,5,0,,
2025-11-16,"Цегельского, 10 Близенько 2.00 грн",18:26:40,Дмитро,18:26:42,0,14,,
2025-11-16,"В.Великого, 35а Близенько 2.00 грн",18:38:33,Дмитро,18:51:03,12,11,,
2025-11-16,"В.Великого, 35а Близенько 2.00 грн",18:52:35,Дмитро,18:52:38,0,1,,YES
2025-11-17,"Князя Романа, 9 Близенько 2.00 грн",14:29:15,Ігор,14:36:30,7,2716,YES,
2025-11-17,"Князя Романа, 9 Близенько 2.00 грн",14:40:42,Ігор,14:43:01,2,4,,
2025-11-17,"Князя Романа, 9 Близенько 2.00 грн",14:43:50,Ігор,14:44:22,0,0,,
2025-11-17,"Під Голоском, 24б Близенько 1.50 грн",16:23:15,Ігор,16:25:48,2,98,,
2025-11-17,"Під Голоском, 24б Близенько 1.50 грн",16:34:18,Ігор,16:37:17,2,8,,
2025-11-17,"Під Голоском, 24б Близенько 1.50 грн",16:50:03,Ігор,16:50:22,0,12,,
2025-11-17,"Під Голоском, 24б Близенько 1.50 грн",16:54:51,Ігор,16:54:53,0,4,,
2025-11-17,"Замарстинівська, 55г Близенько 2.00 грн",19:31:10,Ігор,19:31:20,0,156,,
2025-11-17,"Замарстинівська, 55г Близенько 2.00 грн",19:32:51,Ігор,19:39:58,7,1,,
2025-11-17,"Замарстинівська, 55г Близенько 2.00 грн",19:40:23,Ігор,19:41:09,0,0,,
2025-11-17,"Січових Стрільців, 13 Близенько 2.00 грн",20:06:45,Ігор,20:12:04,5,25,,
2025-11-17,"Січових Стрільців, 13 Близенько 2.00 грн",20:31:19,Ігор,20:38:13,6,19,,
2025-11-17,"Січових Стрільців, 13 Близенько 2.00 грн",22:28:47,Ігор,22:28:49,0,110,,
2025-11-17,"Січових Стрільців, 13 Близенько 2.00 грн",22:44:30,Ігор,22:44:32,0,15,,
2025-11-17,"Січових Стрільців, 13 Близенько 2.00 грн",22:44:58,Ігор,22:45:02,0,0,,
2025-11-17,"Січових Стрільців, 13 Близенько 2.00 грн",22:47:14,Ігор,22:49:09,1,2,,
2025-11-17,"Січових Стрільців, 13 Близенько 2.00 грн",22:51:58,Ігор,22:52:28,0,2,,YES
2025-11-17,"Чупринки, 84 Близенько 2.00 грн",15:53:11,Дмитро,15:53:48,0,1260,YES,
2025-11-17,"Чупринки, 84 Близенько 2.00 грн",16:06:13,Дмитро,16:13:15,7,12,,
2025-11-17,"Чупринки, 84 Близенько 2.00 грн",16:26:26,Дмитро,16:32:47,6,13,,
2025-11-17,"Чупринки, 84 Близенько 2.00 грн",16:52:39,Дмитро,16:53:29,0,19,,
2025-11-17,"Чупринки, 84 Близенько 2.00 грн",16:59:15,Дмитро,17:00:58,1,5,,
2025-11-17,"Чупринки, 84 Близенько 2.00 грн",17:16:19,Дмитро,17:17:43,1,15,,YES
2025-11-17,"Стрийська, 45в Близенько 1.50 грн",14:43:43,Руслан,14:44:47,1,2692,YES,YES
2025-11-17,"Кульпарківська, 230 Близенько 2.00 грн",14:03:55,,14:03:59,0,0,,
2025-11-17,"Кульпарківська, 230 Близенько 2.00 грн",14:05:06,,14:05:10,0,0,,
2025-11-17,"Ніжинська, 16 Близенько 2.00 грн",15:43:43,,15:44:07,0,0,,
2025-11-17,"просп.В.Чорновола, 101 Близенько 2.00 грн",17:34:31,,17:59:42,25,0,,
2025-11-17,"просп.В.Чорновола, 101 Близенько 2.00 грн",18:09:28,,18:09:55,0,0,,
2025-11-17,"просп.В.Чорновола, 101 Близенько 2.00 грн",18:09:57,,18:10:21,0,0,,
2025-11-17,"просп.В.Чорновола, 101 Близенько 2.00 грн",18:12:45,,18:13:33,0,0,,
2025-11-17,"Залізнична, 21 Близенько 1.50 грн",19:43:44,,19:50:45,7,0,,
2025-11-17,"Залізнична, 21 Близенько 1.50 грн",19:51:02,,19:53:00,1,0,,
2025-11-18,"Князя Романа, 9 Близенько 2.00 грн",10:29:49,Ігор,10:29:51,0,697,YES,
2025-11-18,"Січових Стрільців, 13 Близенько 2.00 грн",16:44:48,Ігор,16:47:25,2,374,,
2025-11-18,"Січових Стрільців, 13 Близенько 2.00 грн",16:48:06,Ігор,16:48:09,0,0,,
2025-11-18,"Січових Стрільців, 13 Близенько 2.00 грн",17:40:07,Ігор,17:46:01,5,51,,
2025-11-18,"Січових Стрільців, 13 Близенько 2.00 грн",17:55:08,Ігор,17:56:34,1,9,,
2025-11-18,"просп.В.Чорновола, 69 Близенько 2.00 грн",19:26:06,Ігор,19:37:31,11,89,,
2025-11-18,"просп.В.Чорновола, 69 Близенько 2.00 грн",20:11:36,Ігор,20:12:22,0,34,,
2025-11-18,"просп.В.Чорновола, 69 Близенько 2.00 грн",20:25:44,Ігор,20:26:43,0,13,,
2025-11-18,"просп.В.Чорновола, 69 Близенько 2.00 грн",20:31:37,Ігор,20:31:44,0,4,,
2025-11-18,"Зелена, 17 Сімі 2.00 грн",21:30:55,Ігор,21:31:08,0,59,,
2025-11-18,"Зелена, 17 Сімі 2.00 грн",21:33:16,Ігор,21:33:19,0,2,,YES
2025-11-18,"Кн.Ольги, 100к Близенько 2.00 грн",08:31:46,Дмитро,08:35:11,3,914,YES,
2025-11-18,"Чупринки, 84 Близенько 2.00 грн",08:57:32,Дмитро,08:57:35,0,22,,YES
2025-11-18,1_Water1,15:18:56,,15:19:38,0,0,,
2025-11-18,1_Water1,15:19:42,,15:20:53,1,0,,
2025-11-19,"Роксоляни, 57 Близенько 2.00 грн",09:25:32,Дмитро,09:32:58,7,1467,YES,
2025-11-19,"Роксоляни, 57 Близенько 2.00 грн",09:50:37,Дмитро,09:50:49,0,17,,
2025-11-19,"Роксоляни, 57 Близенько 2.00 грн",09:51:44,Дмитро,09:52:04,0,0,,YES
2025-11-19,"Трускавецька, 129 Близенько 2.00 грн",12:49:51,Руслан,12:53:39,3,2765,YES,
2025-11-19,"Трускавецька, 129 Близенько 2.00 грн",12:54:29,Руслан,12:54:32,0,0,,
2025-11-19,"Кубійовича, 31 Близенько 2.0",17:12:20,Руслан,17:13:52,1,257,,
2025-11-19,"Кубійовича, 31 Близенько 2.0",17:17:17,Руслан,17:17:47,0,3,,
2025-11-19,"Тернопільська, 8 Близенько 2.00 грн",17:30:34,Руслан,17:31:30,0,12,,
2025-11-19,"Тернопільська, 8 Близенько 2.00 грн",17:31:35,Руслан,17:31:37,0,0,,
2025-11-19,"Городоцька, 213 Близенько 1.50 грн",18:58:24,Руслан,19:00:06,1,86,,
2025-11-19,"Городоцька, 213 Близенько 1.50 грн",19:00:40,Руслан,19:00:42,0,0,,YES
2025-11-19,"Федьковича, 24 Близенько 1.50 грн",13:17:21,,13:17:25,0,0,,
2025-11-19,"Федьковича, 24 Близенько 1.50 грн",13:23:59,,13:24:04,0,0,,
2025-11-19,"Ветеранів, 5 ОСББ 1.50 грн",20:32:44,,20:34:00,1,0,,
2025-11-19,"Ветеранів, 5 ОСББ 1.50 грн",20:36:28,,20:36:36,0,0,,
2025-11-19,"Ветеранів, 5 ОСББ 1.50 грн",20:36:44,,20:37:20,0,0,,
2025-11-20,"Січових Стрільців, 13 Близенько 2.00 грн",18:51:52,Ігор,18:52:22,0,2718,YES,
2025-11-20,"Січових Стрільців, 13 Близенько 2.00 грн",19:06:18,Ігор,19:06:21,0,13,,
2025-11-20,"Гайдамацька, 9а Близенько 2.00 грн",20:50:12,Ігор,20:55:45,5,103,,
2025-11-20,"Гайдамацька, 9а Близенько 2.00 грн",20:57:01,Ігор,20:57:28,0,1,,
2025-11-20,"Гайдамацька, 9а Близенько 2.00 грн",20:58:27,Ігор,20:58:30,0,0,,
2025-11-20,"просп.В.Чорновола, 55 Близенько 2.00 грн",21:17:10,Ігор,21:18:06,0,18,,
2025-11-20,"просп.В.Чорновола, 55 Близенько 2.00 грн",21:45:02,Ігор,21:45:36,0,26,,
2025-11-20,"просп.В.Чорновола, 55 Близенько 2.00 грн",21:55:39,Ігор,21:55:55,0,10,,YES
2025-11-20,"Братів Міхновських, 23 Близенько 2.00 грн",07:52:11,Дмитро,07:57:19,5,1320,YES,
2025-11-20,"В.Великого, 1 Близенько 2.00 грн",08:18:28,Дмитро,08:18:38,0,21,,
2025-11-20,"Широка, 96а Близенько 1.50 грн",14:27:31,Дмитро,14:32:45,5,368,,YES
2025-11-20,"Брюховицька, 143 Близенько 2.00 грн",13:15:47,Руслан,13:15:54,0,1095,YES,
2025-11-20,"Багряного, 39 Близенько 2.00 грн",14:22:36,Руслан,14:22:40,0,66,,
2025-11-20,"Багряного, 39 Близенько 2.00 грн",14:28:13,Руслан,14:28:17,0,5,,
2025-11-20,"Лапаївка, Геофізиків, 17 Близенько 2.00 грн",15:02:00,Руслан,15:02:47,0,33,,
2025-11-20,"Лапаївка, Геофізиків, 17 Близенько 2.00 грн",15:03:44,Руслан,15:03:45,0,0,,
2025-11-20,"Лапаївка, Геофізиків, 17 Близенько 2.00 грн",15:04:15,Руслан,15:04:26,0,0,,
2025-11-20,"Лапаївка, Геофізиків, 17 Близенько 2.00 грн",15:08:14,Руслан,15:09:27,1,3,,
2025-11-20,"Лапаївка, Геофізиків, 17 Близенько 2.00 грн",15:11:30,Руслан,15:12:18,0,2,,YES
2025-11-20,"Наукова, 59 Близенько 1.50 грн",08:53:31,,08:53:34,0,0,,
2025-11-20,"Наукова, 59 Близенько 1.50 грн",09:19:57,,09:19:58,0,0,,
2025-11-21,"Котика, 9 Близенько 2.00 грн",20:24:09,Ігор,20:24:19,0,1348,YES,
2025-11-21,"Винники, Сахарова, 10 Близенько 2.00 грн",20:46:22,Ігор,20:47:53,1,22,,
2025-11-21,"Винники, Сахарова, 10 Близенько 2.00 грн",20:51:20,Ігор,20:56:03,4,3,,
2025-11-21,"Винники, Сахарова, 10 Близенько 2.00 грн",20:59:19,Ігор,21:02:59,3,3,,
2025-11-21,"Винники, Сахарова, 10 Близенько 2.00 грн",21:07:53,Ігор,21:08:01,0,4,,
2025-11-21,"Винники, Винна гора, 10б Близенько 2.00 грн",21:13:11,Ігор,21:18:29,5,5,,
2025-11-21,"Винники, Винна гора, 10б Близенько 2.00 грн",21:18:32,Ігор,21:18:54,0,0,,YES
2025-11-22,"Лисиничі, Шухевича, 5 Близенько 2.00 грн",14:27:03,Ігор,14:32:25,5,1028,YES,
2025-11-22,"Лисиничі, Шухевича, 5 Близенько 2.00 грн",15:41:37,Ігор,15:41:40,0,69,,
2025-11-22,"Лисиничі, Шухевича, 5 Близенько 2.00 грн",15:41:43,Ігор,15:43:29,1,0,,
2025-11-22,"Лисиничі, Шухевича, 5 Близенько 2.00 грн",16:21:59,Ігор,16:22:01,0,38,,
2025-11-22,"Лисиничі, Шухевича, 5 Близенько 2.00 грн",16:23:35,Ігор,16:26:26,2,1,,
2025-11-22,"Тракт Глинянський, 163 Сімі 1.50 грн",16:32:55,Ігор,16:32:59,0,6,,
2025-11-22,"Тракт Глинянський, 163 Сімі 1.50 грн",16:33:01,Ігор,16:33:05,0,0,,
2025-11-22,"Тракт Глинянський, 163 Сімі 1.50 грн",16:34:04,Ігор,16:37:19,3,0,,
2025-11-22,"Тракт Глинянський, 163 Сімі 1.50 грн",16:37:35,Ігор,16:38:29,0,0,,YES
2025-11-22,"Суботівська, 7 Близенько 1.50 грн",16:00:11,Дмитро,16:00:19,0,2967,YES,
2025-11-22,"Повітряна, 78 Близенько 2.00 грн",16:06:58,Дмитро,16:07:00,0,6,,
2025-11-22,"Братів Міхновських, 23 Близенько 2.00 грн",18:27:39,Дмитро,18:28:01,0,140,,YES
2025-11-22,"Лапаївка, Геофізиків, 17 Близенько 2.00 грн",11:50:43,Руслан,11:51:11,0,2678,YES,
2025-11-22,"Лапаївка, Геофізиків, 17 Близенько 2.00 грн",11:57:15,Руслан,11:57:34,0,6,,
2025-11-22,"Трускавецька, 129 Близенько 2.00 грн",13:07:48,Руслан,13:07:58,0,70,,
2025-11-22,"Трускавецька, 129 Близенько 2.00 грн",13:13:44,Руслан,13:13:58,0,5,,
2025-11-22,"Трускавецька, 129 Близенько 2.00 грн",13:14:52,Руслан,13:15:21,0,0,,YES
2025-11-22,"Січових Стрільців, 13 Близенько 2.00 грн",11:59:04,,11:59:09,0,0,,
2025-11-22,"Виговського, 5б Близенько 1.50 грн",12:19:48,,12:19:50,0,0,,
2025-11-22,"Виговського, 5б Близенько 1.50 грн",12:19:52,,12:20:23,0,0,,
2025-11-22,"Виговського, 5б Близенько 1.50 грн",12:24:54,,12:24:57,0,0,,
2025-11-22,"Виговського, 5б Близенько 1.50 грн",12:27:02,,12:27:05,0,0,,
2025-11-22,"Виговського, 5б Близенько 1.50 грн",12:28:34,,12:28:37,0,0,,
2025-11-22,"Виговського, 5б Близенько 1.50 грн",12:31:16,,12:31:20,0,0,,
2025-11-22,"Виговського, 5б Близенько 1.50 грн",12:31:22,,12:32:16,0,0,,
2025-11-22,"Виговського, 5б Близенько 1.50 грн",12:33:25,,12:34:39,1,0,,
2025-11-22,"Освицька, 1 Близенько 1.00 грн",13:44:37,,13:48:53,4,0,,
2025-11-22,"Освицька, 1 Близенько 1.00 грн",13:49:51,,13:49:57,0,0,,
2025-11-22,"Щурата, 9 Близенько 1.50 грн",17:34:50,,17:34:52,0,0,,
2025-11-23,"Йосифа Сліпого, 22 Близенько 2.00 грн",06:32:51,Руслан,06:32:52,0,1037,YES,
2025-11-23,"Йосифа Сліпого, 22 Близенько 2.00 грн",06:36:46,Руслан,06:36:49,0,3,,
2025-11-23,"Йосифа Сліпого, 22 Близенько 2.00 грн",06:39:10,Руслан,06:39:19,0,2,,YES
