device_id,address,date,tds
153,"Антонича, 6 Близенько 2.00 грн",2025-05-29,8
153,"Антонича, 6 Близенько 2.00 грн",2025-07-07,11
153,"Антонича, 6 Близенько 2.00 грн",2025-09-04,12
153,"Антонича, 6 Близенько 2.00 грн",2025-10-03,15
153,"Антонича, 6 Близенько 2.00 грн",2025-11-01,14
240,"Багряного, 39 Близенько 2.00 грн",2025-07-05,11
240,"Багряного, 39 Близенько 2.00 грн",2025-07-26,13
240,"Багряного, 39 Близенько 2.00 грн",2025-08-27,15
240,"Багряного, 39 Близенько 2.00 грн",2025-09-28,14
240,"Багряного, 39 Близенько 2.00 грн",2025-10-27,17
164,"Бандери, 69 Близенько 2.00 грн",2025-05-30,16
164,"Бандери, 69 Близенько 2.00 грн",2025-06-19,21
164,"Бандери, 69 Близенько 2.00 грн",2025-06-27,21
164,"Бандери, 69 Близенько 2.00 грн",2025-07-21,6
164,"Бандери, 69 Близенько 2.00 грн",2025-08-20,5
164,"Бандери, 69 Близенько 2.00 грн",2025-08-21,3
164,"Бандери, 69 Близенько 2.00 грн",2025-09-12,3
164,"Бандери, 69 Близенько 2.00 грн",2025-09-28,2
164,"Бандери, 69 Близенько 2.00 грн",2025-10-29,3
297,"Біберовича, 11 Близенько 1.50 грн",2025-05-27,41
297,"Біберовича, 11 Близенько 1.50 грн",2025-06-29,44
297,"Біберовича, 11 Близенько 1.50 грн",2025-07-26,45
297,"Біберовича, 11 Близенько 1.50 грн",2025-08-27,46
297,"Біберовича, 11 Близенько 1.50 грн",2025-09-27,47
297,"Біберовича, 11 Близенько 1.50 грн",2025-10-24,48
272,"Білогірська, 3 Близенько 1.50 грн",2025-06-05,24
272,"Білогірська, 3 Близенько 1.50 грн",2025-07-17,38
272,"Білогірська, 3 Близенько 1.50 грн",2025-07-31,41
272,"Білогірська, 3 Близенько 1.50 грн",2025-08-26,35
272,"Білогірська, 3 Близенько 1.50 грн",2025-10-17,30
190,"Братів Міхновських,  23  Близенько 2.00 грн",2025-07-27,10
190,"Братів Міхновських,  23  Близенько 2.00 грн",2025-09-30,5
236,"Брюховицька, 143 Близенько 2.00 грн",2025-06-03,8
236,"Брюховицька, 143 Близенько 2.00 грн",2025-06-26,9
236,"Брюховицька, 143 Близенько 2.00 грн",2025-07-31,10
236,"Брюховицька, 143 Близенько 2.00 грн",2025-09-05,11
236,"Брюховицька, 143 Близенько 2.00 грн",2025-09-25,12
236,"Брюховицька, 143 Близенько 2.00 грн",2025-10-06,13
236,"Брюховицька, 143 Близенько 2.00 грн",2025-10-24,14
156,"Брюховичі Івасюка, 1 Близенько 2.00 грн",2025-06-03,18
156,"Брюховичі Івасюка, 1 Близенько 2.00 грн",2025-07-06,20
156,"Брюховичі Івасюка, 1 Близенько 2.00 грн",2025-07-31,22
156,"Брюховичі Івасюка, 1 Близенько 2.00 грн",2025-09-05,25
156,"Брюховичі Івасюка, 1 Близенько 2.00 грн",2025-10-06,24
156,"Брюховичі Івасюка, 1 Близенько 2.00 грн",2025-10-24,23
243,"Брюховичі Львівська, 92 Близенько 2.00 грн",2025-06-03,6
243,"Брюховичі Львівська, 92 Близенько 2.00 грн",2025-07-06,5
243,"Брюховичі Львівська, 92 Близенько 2.00 грн",2025-07-31,10
243,"Брюховичі Львівська, 92 Близенько 2.00 грн",2025-09-05,8
243,"Брюховичі Львівська, 92 Близенько 2.00 грн",2025-10-24,7
344,"Брюховичі, Весняна, 1а 1.50 грн",2025-09-05,241
344,"Брюховичі, Весняна, 1а 1.50 грн",2025-09-25,231
344,"Брюховичі, Весняна, 1а 1.50 грн",2025-10-24,4
179,"В.Великого, 1 Близенько 2.00 грн",2025-07-02,50
179,"В.Великого, 1 Близенько 2.00 грн",2025-09-26,5
179,"В.Великого, 1 Близенько 2.00 грн",2025-10-27,5
18,"В.Великого, 103  Близенько 1.50 грн",2025-07-02,11
18,"В.Великого, 103  Близенько 1.50 грн",2025-07-31,12
18,"В.Великого, 103  Близенько 1.50 грн",2025-11-03,14
116,"В.Великого, 35а Близенько 2.00 грн",2025-07-02,77
116,"В.Великого, 35а Близенько 2.00 грн",2025-07-31,86
116,"В.Великого, 35а Близенько 2.00 грн",2025-10-14,6
116,"В.Великого, 35а Близенько 2.00 грн",2025-10-27,6
221,"В.Великого, 75  Близенько 1.50 грн",2025-07-02,44
221,"В.Великого, 75  Близенько 1.50 грн",2025-11-06,40
259,"Васильківського,9  Сім23 1.50 грн",2025-07-25,20
259,"Васильківського,9  Сім23 1.50 грн",2025-10-31,5
254,"Вашингтона, 4в Близенько 2.00 грн",2025-06-03,9
254,"Вашингтона, 4в Близенько 2.00 грн",2025-07-04,13
254,"Вашингтона, 4в Близенько 2.00 грн",2025-08-06,17
254,"Вашингтона, 4в Близенько 2.00 грн",2025-09-06,18
254,"Вашингтона, 4в Близенько 2.00 грн",2025-09-27,17
254,"Вашингтона, 4в Близенько 2.00 грн",2025-10-31,22
327,"Веливока, 9 Близенько 2.00 грн",2025-06-19,9
327,"Веливока, 9 Близенько 2.00 грн",2025-07-16,9
327,"Веливока, 9 Близенько 2.00 грн",2025-07-29,9
327,"Веливока, 9 Близенько 2.00 грн",2025-08-18,41
327,"Веливока, 9 Близенько 2.00 грн",2025-08-29,25
327,"Веливока, 9 Близенько 2.00 грн",2025-09-18,24
327,"Веливока, 9 Близенько 2.00 грн",2025-09-26,25
327,"Веливока, 9 Близенько 2.00 грн",2025-10-11,26
327,"Веливока, 9 Близенько 2.00 грн",2025-10-25,22
327,"Веливока, 9 Близенько 2.00 грн",2025-11-07,20
327,"Веливока, 9 Близенько 2.00 грн",2025-11-13,22
339,"Вербицького, 16  Близенько 1.50 грн",2025-07-17,5
339,"Вербицького, 16  Близенько 1.50 грн",2025-08-26,5
339,"Вербицького, 16  Близенько 1.50 грн",2025-10-17,6
107,"Ветеранів, 5 ОСББ  1.50 грн",2025-06-09,33
107,"Ветеранів, 5 ОСББ  1.50 грн",2025-06-25,34
107,"Ветеранів, 5 ОСББ  1.50 грн",2025-10-11,8
107,"Ветеранів, 5 ОСББ  1.50 грн",2025-10-27,3
202,"Виговського, 5 Сімі 2.00 грн",2025-05-28,9
202,"Виговського, 5 Сімі 2.00 грн",2025-06-30,10
202,"Виговського, 5 Сімі 2.00 грн",2025-07-25,11
202,"Виговського, 5 Сімі 2.00 грн",2025-08-27,12
202,"Виговського, 5 Сімі 2.00 грн",2025-09-24,13
202,"Виговського, 5 Сімі 2.00 грн",2025-10-27,16
52,"Виговського, 5б Близенько 1.50 грн",2025-05-28,22
52,"Виговського, 5б Близенько 1.50 грн",2025-06-29,23
52,"Виговського, 5б Близенько 1.50 грн",2025-07-25,24
52,"Виговського, 5б Близенько 1.50 грн",2025-08-27,28
52,"Виговського, 5б Близенько 1.50 грн",2025-09-25,29
52,"Виговського, 5б Близенько 1.50 грн",2025-10-27,33
205,"Винники, Винна гора, 10б  Близенько 2.00 грн",2025-07-09,7
205,"Винники, Винна гора, 10б  Близенько 2.00 грн",2025-07-28,7
205,"Винники, Винна гора, 10б  Близенько 2.00 грн",2025-08-16,5
205,"Винники, Винна гора, 10б  Близенько 2.00 грн",2025-09-06,4
205,"Винники, Винна гора, 10б  Близенько 2.00 грн",2025-10-28,5
205,"Винники, Винна гора, 10б  Близенько 2.00 грн",2025-11-15,4
205,"Винники, Винна гора, 10б  Близенько 2.00 грн",2025-11-21,3
126,"Винники, Сахарова, 10 Близенько 2.00 грн",2025-07-04,10
126,"Винники, Сахарова, 10 Близенько 2.00 грн",2025-07-28,7
126,"Винники, Сахарова, 10 Близенько 2.00 грн",2025-07-29,5
126,"Винники, Сахарова, 10 Близенько 2.00 грн",2025-08-16,7
126,"Винники, Сахарова, 10 Близенько 2.00 грн",2025-09-06,4
126,"Винники, Сахарова, 10 Близенько 2.00 грн",2025-09-28,3
126,"Винники, Сахарова, 10 Близенько 2.00 грн",2025-10-17,5
126,"Винники, Сахарова, 10 Близенько 2.00 грн",2025-11-15,4
251,"Винники, Франка, 53 Близенько 1.50 грн",2025-10-28,6
249,"Віденська,9 Рукавичка 1.50 грн",2025-05-27,68
249,"Віденська,9 Рукавичка 1.50 грн",2025-07-28,65
249,"Віденська,9 Рукавичка 1.50 грн",2025-10-01,49
154,"Гайдамацька, 9а Близенько 2.00 грн",2025-05-28,44
154,"Гайдамацька, 9а Близенько 2.00 грн",2025-06-04,39
154,"Гайдамацька, 9а Близенько 2.00 грн",2025-07-02,24
154,"Гайдамацька, 9а Близенько 2.00 грн",2025-07-18,6
154,"Гайдамацька, 9а Близенько 2.00 грн",2025-07-31,5
154,"Гайдамацька, 9а Близенько 2.00 грн",2025-08-14,4
154,"Гайдамацька, 9а Близенько 2.00 грн",2025-08-25,3
154,"Гайдамацька, 9а Близенько 2.00 грн",2025-09-25,3
154,"Гайдамацька, 9а Близенько 2.00 грн",2025-10-27,4
154,"Гайдамацька, 9а Близенько 2.00 грн",2025-11-13,3
154,"Гайдамацька, 9а Близенько 2.00 грн",2025-11-20,2
340,"Гашека, 17 Близенько 1.50 грн",2025-07-05,16
340,"Гашека, 17 Близенько 1.50 грн",2025-07-30,15
340,"Гашека, 17 Близенько 1.50 грн",2025-09-06,12
340,"Гашека, 17 Близенько 1.50 грн",2025-10-24,15
340,"Гашека, 17 Близенько 1.50 грн",2025-10-30,15
325,"Ген Тарнавського, 7б Близенько 2.00 грн",2025-06-05,7
325,"Ген Тарнавського, 7б Близенько 2.00 грн",2025-07-17,8
325,"Ген Тарнавського, 7б Близенько 2.00 грн",2025-07-31,7
325,"Ген Тарнавського, 7б Близенько 2.00 грн",2025-08-26,7
325,"Ген Тарнавського, 7б Близенько 2.00 грн",2025-10-17,7
178,"Генерала Тарнавського, 104б Близенько 2.00 грн",2025-05-27,16
178,"Генерала Тарнавського, 104б Близенько 2.00 грн",2025-06-02,18
178,"Генерала Тарнавського, 104б Близенько 2.00 грн",2025-07-01,23
178,"Генерала Тарнавського, 104б Близенько 2.00 грн",2025-08-16,11
178,"Генерала Тарнавського, 104б Близенько 2.00 грн",2025-08-29,7
178,"Генерала Тарнавського, 104б Близенько 2.00 грн",2025-09-28,4
178,"Генерала Тарнавського, 104б Близенько 2.00 грн",2025-10-28,6
275,"Героїв УПА,73в ОСББ  1.50 грн",2025-05-27,17
275,"Героїв УПА,73в ОСББ  1.50 грн",2025-06-26,22
275,"Героїв УПА,73в ОСББ  1.50 грн",2025-09-29,29
275,"Героїв УПА,73в ОСББ  1.50 грн",2025-10-15,30
275,"Героїв УПА,73в ОСББ  1.50 грн",2025-10-27,30
305,"Гориня, 39 Близенько 1.50 грн",2025-05-29,19
305,"Гориня, 39 Близенько 1.50 грн",2025-08-07,20
305,"Гориня, 39 Близенько 1.50 грн",2025-09-04,31
305,"Гориня, 39 Близенько 1.50 грн",2025-10-03,36
305,"Гориня, 39 Близенько 1.50 грн",2025-10-31,41
212,"Городоцька, 213 Близенько 1.50 грн",2025-05-28,35
212,"Городоцька, 213 Близенько 1.50 грн",2025-06-26,38
212,"Городоцька, 213 Близенько 1.50 грн",2025-07-26,37
212,"Городоцька, 213 Близенько 1.50 грн",2025-08-27,38
212,"Городоцька, 213 Близенько 1.50 грн",2025-09-28,39
212,"Городоцька, 213 Близенько 1.50 грн",2025-10-27,38
269,"Городоцька, 226а Близенько 2.00 грн",2025-06-03,27
269,"Городоцька, 226а Близенько 2.00 грн",2025-06-27,26
269,"Городоцька, 226а Близенько 2.00 грн",2025-08-05,31
269,"Городоцька, 226а Близенько 2.00 грн",2025-09-07,33
269,"Городоцька, 226а Близенько 2.00 грн",2025-09-22,32
269,"Городоцька, 226а Близенько 2.00 грн",2025-10-25,35
268,"Городоцька, 45 Близенько 2.00 грн",2025-06-26,20
268,"Городоцька, 45 Близенько 2.00 грн",2025-07-04,19
268,"Городоцька, 45 Близенько 2.00 грн",2025-07-21,20
268,"Городоцька, 45 Близенько 2.00 грн",2025-07-30,21
268,"Городоцька, 45 Близенько 2.00 грн",2025-08-22,6
268,"Городоцька, 45 Близенько 2.00 грн",2025-09-01,3
268,"Городоцька, 45 Близенько 2.00 грн",2025-10-31,3
51,"Грінченка, 6 Близенько 1.50 грн",2025-06-27,21
51,"Грінченка, 6 Близенько 1.50 грн",2025-07-29,23
51,"Грінченка, 6 Близенько 1.50 грн",2025-08-12,21
51,"Грінченка, 6 Близенько 1.50 грн",2025-08-30,22
51,"Грінченка, 6 Близенько 1.50 грн",2025-11-08,15
195,"Грушевського, 7/9 Близенько 2.00 грн",2025-05-28,47
195,"Грушевського, 7/9 Близенько 2.00 грн",2025-07-18,10
195,"Грушевського, 7/9 Близенько 2.00 грн",2025-07-31,9
195,"Грушевського, 7/9 Близенько 2.00 грн",2025-08-13,8
195,"Грушевського, 7/9 Близенько 2.00 грн",2025-08-31,7
195,"Грушевського, 7/9 Близенько 2.00 грн",2025-09-28,6
195,"Грушевського, 7/9 Близенько 2.00 грн",2025-10-22,2
114,"Демнянська, 26 Близенько 1.50 грн",2025-05-29,4
114,"Демнянська, 26 Близенько 1.50 грн",2025-07-05,5
114,"Демнянська, 26 Близенько 1.50 грн",2025-08-05,6
114,"Демнянська, 26 Близенько 1.50 грн",2025-08-28,7
114,"Демнянська, 26 Близенько 1.50 грн",2025-10-02,9
114,"Демнянська, 26 Близенько 1.50 грн",2025-10-25,5
241,"Дзиндри, 1а  Близенько 2.00 грн",2025-07-01,8
241,"Дзиндри, 1а  Близенько 2.00 грн",2025-07-25,8
241,"Дзиндри, 1а  Близенько 2.00 грн",2025-08-09,8
241,"Дзиндри, 1а  Близенько 2.00 грн",2025-08-31,9
241,"Дзиндри, 1а  Близенько 2.00 грн",2025-11-03,8
226,"Дністерська, 1  Близенько 1.50 грн",2025-05-30,18
226,"Дністерська, 1  Близенько 1.50 грн",2025-06-30,21
226,"Дністерська, 1  Близенько 1.50 грн",2025-08-06,19
226,"Дністерська, 1  Близенько 1.50 грн",2025-08-29,20
226,"Дністерська, 1  Близенько 1.50 грн",2025-09-27,19
226,"Дністерська, 1  Близенько 1.50 грн",2025-10-29,26
55,"Довбуша, 1  Товари з Італії 2.00 грн",2025-06-04,15
55,"Довбуша, 1  Товари з Італії 2.00 грн",2025-10-27,19
55,"Довбуша, 1  Товари з Італії 2.00 грн",2025-11-13,19
320,"Довженка, 12 Близенько 1.50 грн",2025-06-05,14
320,"Довженка, 12 Близенько 1.50 грн",2025-07-17,23
320,"Довженка, 12 Близенько 1.50 грн",2025-08-26,17
320,"Довженка, 12 Близенько 1.50 грн",2025-10-17,11
87,"Довженка, 5  Близенько 1.50 грн",2025-05-29,10
87,"Довженка, 5  Близенько 1.50 грн",2025-07-07,14
87,"Довженка, 5  Близенько 1.50 грн",2025-09-04,16
87,"Довженка, 5  Близенько 1.50 грн",2025-10-02,15
87,"Довженка, 5  Близенько 1.50 грн",2025-11-01,22
118,"Драгана, 4б  Близенько 2.00 грн",2025-05-29,9
118,"Драгана, 4б  Близенько 2.00 грн",2025-07-07,10
118,"Драгана, 4б  Близенько 2.00 грн",2025-09-04,14
118,"Драгана, 4б  Близенько 2.00 грн",2025-10-03,17
118,"Драгана, 4б  Близенько 2.00 грн",2025-11-01,16
108,"Дунайська, 7 Близенько 1.50 грн",2025-05-27,16
108,"Дунайська, 7 Близенько 1.50 грн",2025-06-30,18
108,"Дунайська, 7 Близенько 1.50 грн",2025-08-06,17
108,"Дунайська, 7 Близенько 1.50 грн",2025-08-29,20
108,"Дунайська, 7 Близенько 1.50 грн",2025-09-27,19
108,"Дунайська, 7 Близенько 1.50 грн",2025-10-29,26
180,"Замарстинівська, 170б  Близенько 2.00 грн",2025-07-07,28
180,"Замарстинівська, 170б  Близенько 2.00 грн",2025-07-31,31
180,"Замарстинівська, 170б  Близенько 2.00 грн",2025-08-25,6
180,"Замарстинівська, 170б  Близенько 2.00 грн",2025-09-26,5
180,"Замарстинівська, 170б  Близенько 2.00 грн",2025-10-27,4
258,"Замарстинівська, 170н Близенько 2.00 грн",2025-07-07,28
258,"Замарстинівська, 170н Близенько 2.00 грн",2025-07-31,34
258,"Замарстинівська, 170н Близенько 2.00 грн",2025-08-25,31
258,"Замарстинівська, 170н Близенько 2.00 грн",2025-09-26,34
258,"Замарстинівська, 170н Близенько 2.00 грн",2025-10-27,36
225,"Замарстинівська, 55г Близенько 2.00 грн",2025-05-28,13
225,"Замарстинівська, 55г Близенько 2.00 грн",2025-07-31,14
225,"Замарстинівська, 55г Близенько 2.00 грн",2025-08-14,25
225,"Замарстинівська, 55г Близенько 2.00 грн",2025-08-25,27
225,"Замарстинівська, 55г Близенько 2.00 грн",2025-09-11,30
225,"Замарстинівська, 55г Близенько 2.00 грн",2025-09-25,31
225,"Замарстинівська, 55г Близенько 2.00 грн",2025-10-27,23
225,"Замарстинівська, 55г Близенько 2.00 грн",2025-11-17,21
273,"Заміська, 16 Близенько 1.50 грн",2025-06-05,13
273,"Заміська, 16 Близенько 1.50 грн",2025-07-17,9
273,"Заміська, 16 Близенько 1.50 грн",2025-08-26,7
273,"Заміська, 16 Близенько 1.50 грн",2025-10-17,6
172,"Зарицьких, 5  Близенько 2.00 грн",2025-05-30,4
172,"Зарицьких, 5  Близенько 2.00 грн",2025-06-16,6
172,"Зарицьких, 5  Близенько 2.00 грн",2025-06-20,9
172,"Зарицьких, 5  Близенько 2.00 грн",2025-07-23,8
172,"Зарицьких, 5  Близенько 2.00 грн",2025-07-30,10
172,"Зарицьких, 5  Близенько 2.00 грн",2025-08-07,11
172,"Зарицьких, 5  Близенько 2.00 грн",2025-08-25,12
172,"Зарицьких, 5  Близенько 2.00 грн",2025-09-28,13
172,"Зарицьких, 5  Близенько 2.00 грн",2025-10-24,19
172,"Зарицьких, 5  Близенько 2.00 грн",2025-11-13,16
326,"Зелена, 17 Сімі 2.00 грн",2025-05-30,11
326,"Зелена, 17 Сімі 2.00 грн",2025-06-23,11
326,"Зелена, 17 Сімі 2.00 грн",2025-07-14,12
326,"Зелена, 17 Сімі 2.00 грн",2025-07-22,10
326,"Зелена, 17 Сімі 2.00 грн",2025-08-11,14
326,"Зелена, 17 Сімі 2.00 грн",2025-08-23,14
326,"Зелена, 17 Сімі 2.00 грн",2025-09-08,21
326,"Зелена, 17 Сімі 2.00 грн",2025-09-26,21
326,"Зелена, 17 Сімі 2.00 грн",2025-10-26,22
326,"Зелена, 17 Сімі 2.00 грн",2025-11-13,19
165,"Зелена, 204  Близенько 2.00 грн",2025-06-03,23
165,"Зелена, 204  Близенько 2.00 грн",2025-07-04,25
165,"Зелена, 204  Близенько 2.00 грн",2025-08-06,31
165,"Зелена, 204  Близенько 2.00 грн",2025-09-06,24
165,"Зелена, 204  Близенько 2.00 грн",2025-09-27,11
165,"Зелена, 204  Близенько 2.00 грн",2025-10-01,10
165,"Зелена, 204  Близенько 2.00 грн",2025-10-25,13
280,"Зелена, 44  Близенько 2.00 грн",2025-05-27,17
280,"Зелена, 44  Близенько 2.00 грн",2025-07-01,23
280,"Зелена, 44  Близенько 2.00 грн",2025-07-28,22
280,"Зелена, 44  Близенько 2.00 грн",2025-08-29,23
280,"Зелена, 44  Близенько 2.00 грн",2025-09-25,28
280,"Зелена, 44  Близенько 2.00 грн",2025-10-31,29
57,"Зимна Вода, Тичини, 9  Близенько 1.50 грн",2025-06-03,11
57,"Зимна Вода, Тичини, 9  Близенько 1.50 грн",2025-07-06,10
57,"Зимна Вода, Тичини, 9  Близенько 1.50 грн",2025-09-05,11
57,"Зимна Вода, Тичини, 9  Близенько 1.50 грн",2025-09-22,10
57,"Зимна Вода, Тичини, 9  Близенько 1.50 грн",2025-10-25,14
209,"Золота, 25  Близенько 1.50 грн",2025-05-28,25
209,"Золота, 25  Близенько 1.50 грн",2025-06-18,26
209,"Золота, 25  Близенько 1.50 грн",2025-07-27,29
209,"Золота, 25  Близенько 1.50 грн",2025-10-29,35
253,"Золота,30 Рукавичка 1.50 грн",2025-05-28,16
253,"Золота,30 Рукавичка 1.50 грн",2025-07-27,19
253,"Золота,30 Рукавичка 1.50 грн",2025-10-29,30
282,"Йосифа Сліпого, 22 Близенько 2.00 грн",2025-05-27,13
282,"Йосифа Сліпого, 22 Близенько 2.00 грн",2025-06-02,12
282,"Йосифа Сліпого, 22 Близенько 2.00 грн",2025-07-01,16
282,"Йосифа Сліпого, 22 Близенько 2.00 грн",2025-07-28,19
282,"Йосифа Сліпого, 22 Близенько 2.00 грн",2025-08-11,22
282,"Йосифа Сліпого, 22 Близенько 2.00 грн",2025-09-08,19
282,"Йосифа Сліпого, 22 Близенько 2.00 грн",2025-09-24,20
282,"Йосифа Сліпого, 22 Близенько 2.00 грн",2025-10-31,26
277,"Кавалерідзе,23  Сім23 1.50 грн",2025-05-29,6
277,"Кавалерідзе,23  Сім23 1.50 грн",2025-07-07,7
277,"Кавалерідзе,23  Сім23 1.50 грн",2025-09-04,8
277,"Кавалерідзе,23  Сім23 1.50 грн",2025-10-03,9
277,"Кавалерідзе,23  Сім23 1.50 грн",2025-11-01,10
242,"Караджича, 29б  Рукавичка 2.00 грн",2025-07-02,35
242,"Караджича, 29б  Рукавичка 2.00 грн",2025-07-26,19
242,"Караджича, 29б  Рукавичка 2.00 грн",2025-08-27,15
242,"Караджича, 29б  Рукавичка 2.00 грн",2025-10-11,19
242,"Караджича, 29б  Рукавичка 2.00 грн",2025-10-27,18
175,"Кн.Ольги, 100к  Близенько 2.00 грн",2025-06-26,5
175,"Кн.Ольги, 100к  Близенько 2.00 грн",2025-10-13,5
175,"Кн.Ольги, 100к  Близенько 2.00 грн",2025-10-27,6
224,"Кн.Ольги, 98л  Фрешка 2.00 грн",2025-05-29,4
224,"Кн.Ольги, 98л  Фрешка 2.00 грн",2025-07-29,6
224,"Кн.Ольги, 98л  Фрешка 2.00 грн",2025-09-25,6
224,"Кн.Ольги, 98л  Фрешка 2.00 грн",2025-10-27,6
239,"Князя Романа, 9  Близенько 2.00 грн",2025-05-27,19
239,"Князя Романа, 9  Близенько 2.00 грн",2025-06-25,18
239,"Князя Романа, 9  Близенько 2.00 грн",2025-07-10,21
239,"Князя Романа, 9  Близенько 2.00 грн",2025-07-14,20
239,"Князя Романа, 9  Близенько 2.00 грн",2025-07-18,25
239,"Князя Романа, 9  Близенько 2.00 грн",2025-07-23,6
239,"Князя Романа, 9  Близенько 2.00 грн",2025-08-31,6
239,"Князя Романа, 9  Близенько 2.00 грн",2025-10-11,7
239,"Князя Романа, 9  Близенько 2.00 грн",2025-10-22,3
239,"Князя Романа, 9  Близенько 2.00 грн",2025-11-11,2
311,"Коломийська,7 Близенько 1.20 грн",2025-05-29,16
311,"Коломийська,7 Близенько 1.20 грн",2025-07-07,25
311,"Коломийська,7 Близенько 1.20 грн",2025-09-04,32
311,"Коломийська,7 Близенько 1.20 грн",2025-10-03,28
311,"Коломийська,7 Близенько 1.20 грн",2025-10-25,27
293,"Коновальця, 50 Близенько 2 грн",2025-07-28,10
293,"Коновальця, 50 Близенько 2 грн",2025-09-25,10
293,"Коновальця, 50 Близенько 2 грн",2025-11-03,11
301,"Коперніка, 56 Свій Маркет 2.00 грн",2025-07-01,14
301,"Коперніка, 56 Свій Маркет 2.00 грн",2025-07-24,13
301,"Коперніка, 56 Свій Маркет 2.00 грн",2025-09-12,19
301,"Коперніка, 56 Свій Маркет 2.00 грн",2025-11-03,19
230,"Котика, 9 Близенько 2.00 грн",2025-05-29,13
230,"Котика, 9 Близенько 2.00 грн",2025-06-28,19
230,"Котика, 9 Близенько 2.00 грн",2025-07-17,24
230,"Котика, 9 Близенько 2.00 грн",2025-07-28,28
230,"Котика, 9 Близенько 2.00 грн",2025-08-15,26
230,"Котика, 9 Близенько 2.00 грн",2025-08-26,27
230,"Котика, 9 Близенько 2.00 грн",2025-10-15,14
230,"Котика, 9 Близенько 2.00 грн",2025-10-25,24
230,"Котика, 9 Близенько 2.00 грн",2025-11-09,4
197,"Кропивницького, 7/9  Близенько 2.00 грн",2025-06-26,31
197,"Кропивницького, 7/9  Близенько 2.00 грн",2025-10-29,22
336,"Кубійовича, 31 Близенько 2.0",2025-06-02,7
336,"Кубійовича, 31 Близенько 2.0",2025-07-01,9
336,"Кубійовича, 31 Близенько 2.0",2025-07-25,12
336,"Кубійовича, 31 Близенько 2.0",2025-08-26,14
336,"Кубійовича, 31 Близенько 2.0",2025-09-08,16
336,"Кубійовича, 31 Близенько 2.0",2025-10-01,17
336,"Кубійовича, 31 Близенько 2.0",2025-11-01,21
184,"Кульпарківська, 135  Близенько 2.00 грн",2025-05-28,27
184,"Кульпарківська, 135  Близенько 2.00 грн",2025-07-03,30
184,"Кульпарківська, 135  Близенько 2.00 грн",2025-07-31,35
184,"Кульпарківська, 135  Близенько 2.00 грн",2025-08-28,38
184,"Кульпарківська, 135  Близенько 2.00 грн",2025-10-02,43
184,"Кульпарківська, 135  Близенько 2.00 грн",2025-10-09,9
184,"Кульпарківська, 135  Близенько 2.00 грн",2025-10-28,5
213,"Кульпарківська, 145 Близенько 1.50 грн",2025-07-01,16
213,"Кульпарківська, 145 Близенько 1.50 грн",2025-07-28,20
213,"Кульпарківська, 145 Близенько 1.50 грн",2025-09-26,20
213,"Кульпарківська, 145 Близенько 1.50 грн",2025-10-10,23
213,"Кульпарківська, 145 Близенько 1.50 грн",2025-10-30,24
306,"Кульпарківська, 172  Близенько 2,00 грн",2025-05-29,50
306,"Кульпарківська, 172  Близенько 2,00 грн",2025-07-31,55
306,"Кульпарківська, 172  Близенько 2,00 грн",2025-09-26,24
306,"Кульпарківська, 172  Близенько 2,00 грн",2025-10-28,28
109,"Кульпарківська, 230  Близенько 2.00 грн",2025-05-28,6
109,"Кульпарківська, 230  Близенько 2.00 грн",2025-08-05,9
109,"Кульпарківська, 230  Близенько 2.00 грн",2025-08-28,10
109,"Кульпарківська, 230  Близенько 2.00 грн",2025-10-04,9
109,"Кульпарківська, 230  Близенько 2.00 грн",2025-10-25,10
187,"Кульпарківська, 93 Близенько 2.00 грн",2025-09-26,10
58,"Куровця,36 Рукавичка 1.50 грн",2025-05-28,18
58,"Куровця,36 Рукавичка 1.50 грн",2025-07-02,21
58,"Куровця,36 Рукавичка 1.50 грн",2025-07-28,24
58,"Куровця,36 Рукавичка 1.50 грн",2025-08-28,27
58,"Куровця,36 Рукавичка 1.50 грн",2025-09-26,28
58,"Куровця,36 Рукавичка 1.50 грн",2025-10-28,38
58,"Куровця,36 Рукавичка 1.50 грн",2025-11-04,5
335,"Лазаренка, 1 Близенько 1.50 грн",2025-06-04,28
335,"Лазаренка, 1 Близенько 1.50 грн",2025-06-29,31
335,"Лазаренка, 1 Близенько 1.50 грн",2025-08-05,33
335,"Лазаренка, 1 Близенько 1.50 грн",2025-09-03,39
335,"Лазаренка, 1 Близенько 1.50 грн",2025-10-01,40
335,"Лазаренка, 1 Близенько 1.50 грн",2025-10-18,10
335,"Лазаренка, 1 Близенько 1.50 грн",2025-11-01,6
292,"Лапаївка, Геофізиків, 17  Близенько 2.00 грн",2025-06-03,5
292,"Лапаївка, Геофізиків, 17  Близенько 2.00 грн",2025-07-06,7
292,"Лапаївка, Геофізиків, 17  Близенько 2.00 грн",2025-07-31,6
292,"Лапаївка, Геофізиків, 17  Близенько 2.00 грн",2025-09-05,7
292,"Лапаївка, Геофізиків, 17  Близенько 2.00 грн",2025-09-22,8
292,"Лапаївка, Геофізиків, 17  Близенько 2.00 грн",2025-10-25,7
85,"Левицького, 106  Penkermarket 2.00 грн",2025-06-02,10
85,"Левицького, 106  Penkermarket 2.00 грн",2025-07-01,11
85,"Левицького, 106  Penkermarket 2.00 грн",2025-07-25,12
85,"Левицького, 106  Penkermarket 2.00 грн",2025-09-01,14
85,"Левицького, 106  Penkermarket 2.00 грн",2025-10-03,16
85,"Левицького, 106  Penkermarket 2.00 грн",2025-10-31,15
54,"Левицького, 43а  Кишенька 2.00 грн",2025-10-16,13
54,"Левицького, 43а  Кишенька 2.00 грн",2025-11-01,16
289,"Лепкого, 7 Близенько 1.50 грн",2025-06-05,24
289,"Лепкого, 7 Близенько 1.50 грн",2025-07-17,20
289,"Лепкого, 7 Близенько 1.50 грн",2025-08-26,30
289,"Лепкого, 7 Близенько 1.50 грн",2025-10-17,35
233,"Липинського, 29  Близенько 2.00 грн",2025-07-18,7
233,"Липинського, 29  Близенько 2.00 грн",2025-07-31,6
233,"Липинського, 29  Близенько 2.00 грн",2025-08-16,7
233,"Липинського, 29  Близенько 2.00 грн",2025-08-29,7
233,"Липинського, 29  Близенько 2.00 грн",2025-10-26,5
232,"Липова алея, 1  Близенько 1.50 грн",2025-05-27,36
232,"Липова алея, 1  Близенько 1.50 грн",2025-06-30,39
232,"Липова алея, 1  Близенько 1.50 грн",2025-07-07,5
232,"Липова алея, 1  Близенько 1.50 грн",2025-08-06,6
232,"Липова алея, 1  Близенько 1.50 грн",2025-08-29,7
232,"Липова алея, 1  Близенько 1.50 грн",2025-09-27,13
232,"Липова алея, 1  Близенько 1.50 грн",2025-10-29,16
235,"Лисеницька,  9 Близенько  2.00 грн",2025-09-27,14
235,"Лисеницька,  9 Близенько  2.00 грн",2025-10-31,18
231,"Лисиничі, Шухевича, 5 Близенько 2.00 грн",2025-05-29,30
231,"Лисиничі, Шухевича, 5 Близенько 2.00 грн",2025-07-05,8
231,"Лисиничі, Шухевича, 5 Близенько 2.00 грн",2025-07-09,6
231,"Лисиничі, Шухевича, 5 Близенько 2.00 грн",2025-07-28,4
231,"Лисиничі, Шухевича, 5 Близенько 2.00 грн",2025-08-06,4
231,"Лисиничі, Шухевича, 5 Близенько 2.00 грн",2025-08-28,5
231,"Лисиничі, Шухевича, 5 Близенько 2.00 грн",2025-09-06,5
231,"Лисиничі, Шухевича, 5 Близенько 2.00 грн",2025-10-15,3
231,"Лисиничі, Шухевича, 5 Близенько 2.00 грн",2025-10-28,4
231,"Лисиничі, Шухевича, 5 Близенько 2.00 грн",2025-11-15,4
231,"Лисиничі, Шухевича, 5 Близенько 2.00 грн",2025-11-22,3
186,"Личаківська, 163  Близенько 2.00 грн",2025-05-29,20
186,"Личаківська, 163  Близенько 2.00 грн",2025-06-28,32
186,"Личаківська, 163  Близенько 2.00 грн",2025-07-17,34
186,"Личаківська, 163  Близенько 2.00 грн",2025-07-19,6
186,"Личаківська, 163  Близенько 2.00 грн",2025-07-28,5
186,"Личаківська, 163  Близенько 2.00 грн",2025-08-12,4
186,"Личаківська, 163  Близенько 2.00 грн",2025-08-14,6
186,"Личаківська, 163  Близенько 2.00 грн",2025-08-26,5
186,"Личаківська, 163  Близенько 2.00 грн",2025-09-25,6
186,"Личаківська, 163  Близенько 2.00 грн",2025-10-26,4
193,"Личаківська, 4/6  Близенько 2.00 грн",2025-05-29,10
193,"Личаківська, 4/6  Близенько 2.00 грн",2025-07-10,15
193,"Личаківська, 4/6  Близенько 2.00 грн",2025-07-28,13
193,"Личаківська, 4/6  Близенько 2.00 грн",2025-08-09,14
193,"Личаківська, 4/6  Близенько 2.00 грн",2025-08-26,13
193,"Личаківська, 4/6  Близенько 2.00 грн",2025-10-13,15
193,"Личаківська, 4/6  Близенько 2.00 грн",2025-10-29,14
193,"Личаківська, 4/6  Близенько 2.00 грн",2025-11-13,12
157,"Личаківська, 70а  Близенько 2.00 грн",2025-05-29,33
157,"Личаківська, 70а  Близенько 2.00 грн",2025-07-10,8
157,"Личаківська, 70а  Близенько 2.00 грн",2025-07-16,5
157,"Личаківська, 70а  Близенько 2.00 грн",2025-07-28,6
157,"Личаківська, 70а  Близенько 2.00 грн",2025-08-06,6
157,"Личаківська, 70а  Близенько 2.00 грн",2025-08-20,8
157,"Личаківська, 70а  Близенько 2.00 грн",2025-08-26,6
157,"Личаківська, 70а  Близенько 2.00 грн",2025-09-06,7
157,"Личаківська, 70а  Близенько 2.00 грн",2025-10-13,8
157,"Личаківська, 70а  Близенько 2.00 грн",2025-11-05,7
157,"Личаківська, 70а  Близенько 2.00 грн",2025-11-11,4
286,"Личаківська, 86  Близенько 2.00 грн",2025-05-29,8
286,"Личаківська, 86  Близенько 2.00 грн",2025-06-28,10
286,"Личаківська, 86  Близенько 2.00 грн",2025-07-17,11
286,"Личаківська, 86  Близенько 2.00 грн",2025-07-28,10
286,"Личаківська, 86  Близенько 2.00 грн",2025-08-12,10
286,"Личаківська, 86  Близенько 2.00 грн",2025-08-26,11
286,"Личаківська, 86  Близенько 2.00 грн",2025-09-12,7
286,"Личаківська, 86  Близенько 2.00 грн",2025-10-26,5
105,"Лінкольна,53 Чарка  до свята 1.50 грн",2025-05-30,16
337,"Любінська, 4 Близенько 1.50 грн",2025-06-02,12
328,"Мазепи, 26 Близенько 2.00 грн",2025-06-02,19
328,"Мазепи, 26 Близенько 2.00 грн",2025-06-20,7
328,"Мазепи, 26 Близенько 2.00 грн",2025-07-08,6
328,"Мазепи, 26 Близенько 2.00 грн",2025-07-31,7
328,"Мазепи, 26 Близенько 2.00 грн",2025-08-30,6
328,"Мазепи, 26 Близенько 2.00 грн",2025-09-08,5
328,"Мазепи, 26 Близенько 2.00 грн",2025-09-26,5
328,"Мазепи, 26 Близенько 2.00 грн",2025-10-13,6
198,"Малоголосківська, 16  Близенько 2.00 грн",2025-07-30,8
198,"Малоголосківська, 16  Близенько 2.00 грн",2025-08-18,11
198,"Малоголосківська, 16  Близенько 2.00 грн",2025-08-30,10
198,"Малоголосківська, 16  Близенько 2.00 грн",2025-09-11,8
198,"Малоголосківська, 16  Близенько 2.00 грн",2025-09-27,9
198,"Малоголосківська, 16  Близенько 2.00 грн",2025-10-26,10
198,"Малоголосківська, 16  Близенько 2.00 грн",2025-11-15,8
287,"Марка Вовчка,  24  Чарка  2.00 грн",2025-07-27,32
287,"Марка Вовчка,  24  Чарка  2.00 грн",2025-10-31,50
203,"Медової печери,  65  Близенько 1.50 грн",2025-05-30,9
203,"Медової печери,  65  Близенько 1.50 грн",2025-06-29,10
203,"Медової печери,  65  Близенько 1.50 грн",2025-08-06,15
203,"Медової печери,  65  Близенько 1.50 грн",2025-09-27,17
203,"Медової печери,  65  Близенько 1.50 грн",2025-10-30,18
60,"Мечнікова, 16е  Близенько  2.00 грн",2025-06-02,6
60,"Мечнікова, 16е  Близенько  2.00 грн",2025-07-01,8
60,"Мечнікова, 16е  Близенько  2.00 грн",2025-09-06,9
60,"Мечнікова, 16е  Близенько  2.00 грн",2025-10-03,11
60,"Мечнікова, 16е  Близенько  2.00 грн",2025-10-31,13
188,"Миколайчука, 4а  Близенько 2.00 грн",2025-06-27,41
188,"Миколайчука, 4а  Близенько 2.00 грн",2025-07-30,40
188,"Миколайчука, 4а  Близенько 2.00 грн",2025-08-14,5
188,"Миколайчука, 4а  Близенько 2.00 грн",2025-08-30,4
188,"Миколайчука, 4а  Близенько 2.00 грн",2025-09-15,3
188,"Миколайчука, 4а  Близенько 2.00 грн",2025-09-26,6
188,"Миколайчука, 4а  Близенько 2.00 грн",2025-10-27,6
271,"Миру, 4в Близенько 1.50 грн",2025-06-05,15
271,"Миру, 4в Близенько 1.50 грн",2025-07-17,39
271,"Миру, 4в Близенько 1.50 грн",2025-07-31,28
271,"Миру, 4в Близенько 1.50 грн",2025-08-26,5
271,"Миру, 4в Близенько 1.50 грн",2025-10-17,5
120,"Мікльоша, 17  Близенько  1.50  грн",2025-06-03,5
120,"Мікльоша, 17  Близенько  1.50  грн",2025-07-05,6
120,"Мікльоша, 17  Близенько  1.50  грн",2025-07-31,5
120,"Мікльоша, 17  Близенько  1.50  грн",2025-09-06,7
120,"Мікльоша, 17  Близенько  1.50  грн",2025-11-03,5
199,"Мундяк Марії,  8  Близенько 2.00 грн",2025-05-27,7
199,"Мундяк Марії,  8  Близенько 2.00 грн",2025-05-29,5
61,"Наливайка,  20  Близенько  2.00 грн",2025-05-30,32
61,"Наливайка,  20  Близенько  2.00 грн",2025-07-21,6
61,"Наливайка,  20  Близенько  2.00 грн",2025-07-30,3
61,"Наливайка,  20  Близенько  2.00 грн",2025-09-10,2
61,"Наливайка,  20  Близенько  2.00 грн",2025-10-11,3
61,"Наливайка,  20  Близенько  2.00 грн",2025-10-25,3
343,"Наукова, 10а Близенько 0.50 грн",2025-08-31,30
343,"Наукова, 10а Близенько 0.50 грн",2025-09-08,10
343,"Наукова, 10а Близенько 0.50 грн",2025-10-14,5
343,"Наукова, 10а Близенько 0.50 грн",2025-10-27,5
245,"Наукова, 96  Близенько 1.50 грн",2025-07-02,44
245,"Наукова, 96  Близенько 1.50 грн",2025-08-27,8
245,"Наукова, 96  Близенько 1.50 грн",2025-09-26,5
245,"Наукова, 96  Близенько 1.50 грн",2025-11-03,3
245,"Наукова, 96  Близенько 1.50 грн",2025-11-06,3
196,"Ніжинська, 16  Близенько  2.00 грн",2025-06-28,10
196,"Ніжинська, 16  Близенько  2.00 грн",2025-07-16,10
196,"Ніжинська, 16  Близенько  2.00 грн",2025-07-17,9
196,"Ніжинська, 16  Близенько  2.00 грн",2025-07-28,11
196,"Ніжинська, 16  Близенько  2.00 грн",2025-08-16,12
196,"Ніжинська, 16  Близенько  2.00 грн",2025-08-26,10
196,"Ніжинська, 16  Близенько  2.00 грн",2025-09-12,9
298,"Освицька, 1 Близенько 1.00 грн",2025-05-29,9
298,"Освицька, 1 Близенько 1.00 грн",2025-06-29,10
298,"Освицька, 1 Близенько 1.00 грн",2025-09-04,14
298,"Освицька, 1 Близенько 1.00 грн",2025-10-03,17
298,"Освицька, 1 Близенько 1.00 грн",2025-10-31,20
59,"Очеретяна, 10  Близенько 1.50 грн",2025-07-08,20
59,"Очеретяна, 10  Близенько 1.50 грн",2025-08-12,20
59,"Очеретяна, 10  Близенько 1.50 грн",2025-08-30,16
59,"Очеретяна, 10  Близенько 1.50 грн",2025-09-26,20
227,"Пасічна, 171  Близенько 1.50 грн",2025-05-30,7
227,"Пасічна, 171  Близенько 1.50 грн",2025-07-07,6
227,"Пасічна, 171  Близенько 1.50 грн",2025-09-04,7
227,"Пасічна, 171  Близенько 1.50 грн",2025-09-27,6
227,"Пасічна, 171  Близенько 1.50 грн",2025-10-31,7
281,"Пасічна, 84а  Близенько 2.00 грн",2025-05-30,35
281,"Пасічна, 84а  Близенько 2.00 грн",2025-06-29,41
281,"Пасічна, 84а  Близенько 2.00 грн",2025-08-06,45
281,"Пасічна, 84а  Близенько 2.00 грн",2025-09-12,16
281,"Пасічна, 84а  Близенько 2.00 грн",2025-09-27,12
281,"Пасічна, 84а  Близенько 2.00 грн",2025-10-30,15
119,"Пекарська, 14  Близенько  2.00 грн",2025-05-27,9
119,"Пекарська, 14  Близенько  2.00 грн",2025-06-27,10
119,"Пекарська, 14  Близенько  2.00 грн",2025-07-10,12
119,"Пекарська, 14  Близенько  2.00 грн",2025-07-11,11
119,"Пекарська, 14  Близенько  2.00 грн",2025-07-28,12
119,"Пекарська, 14  Близенько  2.00 грн",2025-08-14,12
119,"Пекарська, 14  Близенько  2.00 грн",2025-08-26,13
119,"Пекарська, 14  Близенько  2.00 грн",2025-09-09,11
119,"Пекарська, 14  Близенько  2.00 грн",2025-09-27,11
119,"Пекарська, 14  Близенько  2.00 грн",2025-10-26,12
119,"Пекарська, 14  Близенько  2.00 грн",2025-11-13,12
208,"Петлюри, 2а  Кафе 2.00 грн",2025-05-28,5
208,"Петлюри, 2а  Кафе 2.00 грн",2025-06-27,6
208,"Петлюри, 2а  Кафе 2.00 грн",2025-07-26,12
208,"Петлюри, 2а  Кафе 2.00 грн",2025-08-27,14
208,"Петлюри, 2а  Кафе 2.00 грн",2025-09-28,15
208,"Петлюри, 2а  Кафе 2.00 грн",2025-10-27,12
238,"Під Голоском,  24б   Близенько 1.50 грн",2025-07-30,15
238,"Під Голоском,  24б   Близенько 1.50 грн",2025-09-27,22
238,"Під Голоском,  24б   Близенько 1.50 грн",2025-10-23,9
238,"Під Голоском,  24б   Близенько 1.50 грн",2025-10-27,3
238,"Під Голоском,  24б   Близенько 1.50 грн",2025-11-15,17
283,"Під Дубом,17  2.00 грн",2025-06-20,40
283,"Під Дубом,17  2.00 грн",2025-07-02,42
283,"Під Дубом,17  2.00 грн",2025-07-19,34
283,"Під Дубом,17  2.00 грн",2025-07-30,34
283,"Під Дубом,17  2.00 грн",2025-10-27,2
182,"Повітряна, 78  Близенько 2.00 грн",2025-09-25,19
182,"Повітряна, 78  Близенько 2.00 грн",2025-10-31,19
182,"Повітряна, 78  Близенько 2.00 грн",2025-11-07,22
86,"просп. Свободи, 1/3 Близенько  2.00 грн",2025-06-24,8
86,"просп. Свободи, 1/3 Близенько  2.00 грн",2025-07-11,8
86,"просп. Свободи, 1/3 Близенько  2.00 грн",2025-07-25,6
86,"просп. Свободи, 1/3 Близенько  2.00 грн",2025-08-15,8
86,"просп. Свободи, 1/3 Близенько  2.00 грн",2025-08-25,10
86,"просп. Свободи, 1/3 Близенько  2.00 грн",2025-09-08,8
86,"просп. Свободи, 1/3 Близенько  2.00 грн",2025-09-28,9
86,"просп. Свободи, 1/3 Близенько  2.00 грн",2025-10-26,9
218,"просп.В.Чорновола,  7а  Близенько  2.00 грн",2025-06-18,49
218,"просп.В.Чорновола,  7а  Близенько  2.00 грн",2025-06-25,50
218,"просп.В.Чорновола,  7а  Близенько  2.00 грн",2025-07-19,6
218,"просп.В.Чорновола,  7а  Близенько  2.00 грн",2025-07-30,6
218,"просп.В.Чорновола,  7а  Близенько  2.00 грн",2025-08-19,4
218,"просп.В.Чорновола,  7а  Близенько  2.00 грн",2025-09-25,5
218,"просп.В.Чорновола,  7а  Близенько  2.00 грн",2025-11-06,4
113,"просп.В.Чорновола, 101  Близенько 2.00 грн",2025-06-26,11
113,"просп.В.Чорновола, 101  Близенько 2.00 грн",2025-07-30,14
113,"просп.В.Чорновола, 101  Близенько 2.00 грн",2025-08-18,14
113,"просп.В.Чорновола, 101  Близенько 2.00 грн",2025-09-27,12
113,"просп.В.Чорновола, 101  Близенько 2.00 грн",2025-10-28,20
113,"просп.В.Чорновола, 101  Близенько 2.00 грн",2025-11-17,3
264,"просп.В.Чорновола, 55  Близенько 2.00 грн",2025-06-09,14
264,"просп.В.Чорновола, 55  Близенько 2.00 грн",2025-06-25,28
264,"просп.В.Чорновола, 55  Близенько 2.00 грн",2025-07-30,31
264,"просп.В.Чорновола, 55  Близенько 2.00 грн",2025-08-29,32
264,"просп.В.Чорновола, 55  Близенько 2.00 грн",2025-09-05,26
264,"просп.В.Чорновола, 55  Близенько 2.00 грн",2025-09-18,24
264,"просп.В.Чорновола, 55  Близенько 2.00 грн",2025-11-06,35
264,"просп.В.Чорновола, 55  Близенько 2.00 грн",2025-11-20,3
192,"просп.В.Чорновола, 67ж  Близенько 1.50 грн",2025-06-20,9
192,"просп.В.Чорновола, 67ж  Близенько 1.50 грн",2025-07-30,11
192,"просп.В.Чорновола, 67ж  Близенько 1.50 грн",2025-08-19,9
192,"просп.В.Чорновола, 67ж  Близенько 1.50 грн",2025-09-25,11
192,"просп.В.Чорновола, 67ж  Близенько 1.50 грн",2025-11-06,9
124,"просп.В.Чорновола, 69  Близенько 2.00 грн",2025-06-25,25
124,"просп.В.Чорновола, 69  Близенько 2.00 грн",2025-07-29,27
124,"просп.В.Чорновола, 69  Близенько 2.00 грн",2025-08-19,28
124,"просп.В.Чорновола, 69  Близенько 2.00 грн",2025-09-08,28
124,"просп.В.Чорновола, 69  Близенько 2.00 грн",2025-09-13,24
124,"просп.В.Чорновола, 69  Близенько 2.00 грн",2025-11-06,33
124,"просп.В.Чорновола, 69  Близенько 2.00 грн",2025-11-18,4
285,"Протасевича,6 Близенько  2.00 грн",2025-06-05,25
285,"Протасевича,6 Близенько  2.00 грн",2025-07-17,28
285,"Протасевича,6 Близенько  2.00 грн",2025-07-31,28
285,"Протасевича,6 Близенько  2.00 грн",2025-08-26,38
285,"Протасевича,6 Близенько  2.00 грн",2025-10-17,9
314,"Пулюя, 29  Близенько 2.00 грн",2025-05-28,17
314,"Пулюя, 29  Близенько 2.00 грн",2025-07-05,21
314,"Пулюя, 29  Близенько 2.00 грн",2025-08-05,26
314,"Пулюя, 29  Близенько 2.00 грн",2025-08-28,29
314,"Пулюя, 29  Близенько 2.00 грн",2025-09-28,31
314,"Пулюя, 29  Близенько 2.00 грн",2025-10-27,37
279,"Пулюя, 40  Близенько 1.50 грн",2025-05-28,35
279,"Пулюя, 40  Близенько 1.50 грн",2025-07-05,38
279,"Пулюя, 40  Близенько 1.50 грн",2025-08-05,40
279,"Пулюя, 40  Близенько 1.50 грн",2025-08-28,41
279,"Пулюя, 40  Близенько 1.50 грн",2025-10-27,36
53,"Родини Крушельницьких, 1а  Близенько 2.00 грн",2025-06-02,31
53,"Родини Крушельницьких, 1а  Близенько 2.00 грн",2025-07-03,25
53,"Родини Крушельницьких, 1а  Близенько 2.00 грн",2025-09-01,12
53,"Родини Крушельницьких, 1а  Близенько 2.00 грн",2025-09-25,11
53,"Родини Крушельницьких, 1а  Близенько 2.00 грн",2025-10-03,24
53,"Родини Крушельницьких, 1а  Близенько 2.00 грн",2025-10-16,9
53,"Родини Крушельницьких, 1а  Близенько 2.00 грн",2025-10-31,11
204,"Роксоляни, 57  Близенько 2.00 грн",2025-05-27,20
204,"Роксоляни, 57  Близенько 2.00 грн",2025-07-29,28
204,"Роксоляни, 57  Близенько 2.00 грн",2025-09-25,35
276,"Рудненська,  8ж  Близенько 2.00 грн",2025-05-27,60
276,"Рудненська,  8ж  Близенько 2.00 грн",2025-07-29,63
276,"Рудненська,  8ж  Близенько 2.00 грн",2025-10-31,5
276,"Рудненська,  8ж  Близенько 2.00 грн",2025-11-07,5
296,"Садівнича, 27 Близенько 2.00 грн",2025-05-30,37
296,"Садівнича, 27 Близенько 2.00 грн",2025-06-29,40
296,"Садівнича, 27 Близенько 2.00 грн",2025-08-06,43
296,"Садівнича, 27 Близенько 2.00 грн",2025-09-27,8
296,"Садівнича, 27 Близенько 2.00 грн",2025-10-30,7
121,"Сахарова, 60 Близенько 2.00 грн",2025-06-19,6
121,"Сахарова, 60 Близенько 2.00 грн",2025-09-12,5
121,"Сахарова, 60 Близенько 2.00 грн",2025-11-03,6
12,"Січових Стрільців, 13 Близенько 2.00 грн",2025-05-30,17
12,"Січових Стрільців, 13 Близенько 2.00 грн",2025-06-26,18
12,"Січових Стрільців, 13 Близенько 2.00 грн",2025-07-07,36
12,"Січових Стрільців, 13 Близенько 2.00 грн",2025-07-22,6
12,"Січових Стрільців, 13 Близенько 2.00 грн",2025-07-30,4
12,"Січових Стрільців, 13 Близенько 2.00 грн",2025-08-09,3
12,"Січових Стрільців, 13 Близенько 2.00 грн",2025-08-21,4
12,"Січових Стрільців, 13 Близенько 2.00 грн",2025-09-10,2
12,"Січових Стрільців, 13 Близенько 2.00 грн",2025-10-25,2
12,"Січових Стрільців, 13 Близенько 2.00 грн",2025-11-11,2
12,"Січових Стрільців, 13 Близенько 2.00 грн",2025-11-14,2
12,"Січових Стрільців, 13 Близенько 2.00 грн",2025-11-17,15
183,"Скорини, 44 Близенько 1.50 грн",2025-05-29,28
183,"Скорини, 44 Близенько 1.50 грн",2025-07-05,35
183,"Скорини, 44 Близенько 1.50 грн",2025-08-05,39
183,"Скорини, 44 Близенько 1.50 грн",2025-08-28,41
183,"Скорини, 44 Близенько 1.50 грн",2025-10-02,44
183,"Скорини, 44 Близенько 1.50 грн",2025-10-25,43
183,"Скорини, 44 Близенько 1.50 грн",2025-11-03,20
228,"Сокільники, Весняна, 18 Близенько 1.50 грн",2025-06-03,7
228,"Сокільники, Весняна, 18 Близенько 1.50 грн",2025-07-06,5
228,"Сокільники, Весняна, 18 Близенько 1.50 грн",2025-07-31,8
228,"Сокільники, Весняна, 18 Близенько 1.50 грн",2025-09-05,12
228,"Сокільники, Весняна, 18 Близенько 1.50 грн",2025-10-31,12
302,"Сокільники, Г.Сковороди, 56  Близенько 1.50 грн",2025-06-03,25
302,"Сокільники, Г.Сковороди, 56  Близенько 1.50 грн",2025-07-06,15
302,"Сокільники, Г.Сковороди, 56  Близенько 1.50 грн",2025-07-31,21
302,"Сокільники, Г.Сковороди, 56  Близенько 1.50 грн",2025-09-05,22
302,"Сокільники, Г.Сковороди, 56  Близенько 1.50 грн",2025-10-02,22
302,"Сокільники, Г.Сковороди, 56  Близенько 1.50 грн",2025-10-31,25
217,"Сокільники, Героїв Майдану, 17в Близенько 2.00 грн",2025-05-28,29
217,"Сокільники, Героїв Майдану, 17в Близенько 2.00 грн",2025-06-30,33
217,"Сокільники, Героїв Майдану, 17в Близенько 2.00 грн",2025-08-05,34
217,"Сокільники, Героїв Майдану, 17в Близенько 2.00 грн",2025-08-28,36
217,"Сокільники, Героїв Майдану, 17в Близенько 2.00 грн",2025-09-04,7
217,"Сокільники, Героїв Майдану, 17в Близенько 2.00 грн",2025-09-28,4
217,"Сокільники, Героїв Майдану, 17в Близенько 2.00 грн",2025-10-27,3
341,"Сокільники, Збройних сил України, 2 1.50 грн",2025-06-19,7
341,"Сокільники, Збройних сил України, 2 1.50 грн",2025-07-06,9
341,"Сокільники, Збройних сил України, 2 1.50 грн",2025-07-31,13
341,"Сокільники, Збройних сил України, 2 1.50 грн",2025-09-05,19
341,"Сокільники, Збройних сил України, 2 1.50 грн",2025-10-02,40
341,"Сокільники, Збройних сил України, 2 1.50 грн",2025-10-28,50
316,"Стрийська, 108  ЖК Національний 1.50 грн",2025-06-04,25
316,"Стрийська, 108  ЖК Національний 1.50 грн",2025-06-29,27
316,"Стрийська, 108  ЖК Національний 1.50 грн",2025-08-05,31
316,"Стрийська, 108  ЖК Національний 1.50 грн",2025-09-03,35
316,"Стрийська, 108  ЖК Національний 1.50 грн",2025-10-01,37
316,"Стрийська, 108  ЖК Національний 1.50 грн",2025-11-01,43
265,"Стрийська, 115 Близенько 1.50 грн",2025-06-03,21
265,"Стрийська, 115 Близенько 1.50 грн",2025-07-05,23
265,"Стрийська, 115 Близенько 1.50 грн",2025-07-31,26
265,"Стрийська, 115 Близенько 1.50 грн",2025-09-06,28
244,"Стрийська, 45в Близенько 1.50 грн",2025-05-29,13
244,"Стрийська, 45в Близенько 1.50 грн",2025-07-02,17
244,"Стрийська, 45в Близенько 1.50 грн",2025-07-25,21
244,"Стрийська, 45в Близенько 1.50 грн",2025-08-28,27
244,"Стрийська, 45в Близенько 1.50 грн",2025-10-03,34
244,"Стрийська, 45в Близенько 1.50 грн",2025-10-29,38
244,"Стрийська, 45в Близенько 1.50 грн",2025-11-03,7
127,"Стрийська, 51 Близенько 2.00 грн",2025-07-05,3
127,"Стрийська, 51 Близенько 2.00 грн",2025-08-05,4
127,"Стрийська, 51 Близенько 2.00 грн",2025-08-28,3
127,"Стрийська, 51 Близенько 2.00 грн",2025-10-02,2
127,"Стрийська, 51 Близенько 2.00 грн",2025-10-25,4
50,"Стрийська, 61  Близенько 1.50 грн",2025-06-03,45
50,"Стрийська, 61  Близенько 1.50 грн",2025-07-05,46
50,"Стрийська, 61  Близенько 1.50 грн",2025-09-06,48
50,"Стрийська, 61  Близенько 1.50 грн",2025-10-02,57
323,"Суботівська, 10а Близенько 1.50 грн",2025-07-29,10
323,"Суботівська, 10а Близенько 1.50 грн",2025-09-25,10
323,"Суботівська, 10а Близенько 1.50 грн",2025-10-31,10
214,"Суботівська, 7 Близенько 1.50 грн",2025-05-27,37
214,"Суботівська, 7 Близенько 1.50 грн",2025-09-25,16
214,"Суботівська, 7 Близенько 1.50 грн",2025-10-16,16
214,"Суботівська, 7 Близенько 1.50 грн",2025-10-31,18
56,"Тернопільська, 21 Близенько 1.50 грн",2025-06-02,17
56,"Тернопільська, 21 Близенько 1.50 грн",2025-07-03,11
56,"Тернопільська, 21 Близенько 1.50 грн",2025-07-28,17
56,"Тернопільська, 21 Близенько 1.50 грн",2025-09-03,6
56,"Тернопільська, 21 Близенько 1.50 грн",2025-10-29,7
174,"Тернопільська, 8 Близенько 2.00 грн",2025-06-02,20
174,"Тернопільська, 8 Близенько 2.00 грн",2025-06-26,22
174,"Тернопільська, 8 Близенько 2.00 грн",2025-07-28,24
174,"Тернопільська, 8 Близенько 2.00 грн",2025-09-03,30
174,"Тернопільська, 8 Близенько 2.00 грн",2025-10-01,36
174,"Тернопільська, 8 Близенько 2.00 грн",2025-10-16,5
174,"Тернопільська, 8 Близенько 2.00 грн",2025-10-29,4
122,"Тичини, 14 Близенько 2.00 грн",2025-06-23,8
122,"Тичини, 14 Близенько 2.00 грн",2025-06-27,9
122,"Тичини, 14 Близенько 2.00 грн",2025-08-05,8
122,"Тичини, 14 Близенько 2.00 грн",2025-08-30,7
122,"Тичини, 14 Близенько 2.00 грн",2025-09-26,9
122,"Тичини, 14 Близенько 2.00 грн",2025-11-06,9
319,"Тракт Глинянський, 163 Сімі 1.50 грн",2025-05-29,8
319,"Тракт Глинянський, 163 Сімі 1.50 грн",2025-07-28,15
319,"Тракт Глинянський, 163 Сімі 1.50 грн",2025-08-18,16
319,"Тракт Глинянський, 163 Сімі 1.50 грн",2025-08-28,15
319,"Тракт Глинянський, 163 Сімі 1.50 грн",2025-09-16,14
319,"Тракт Глинянський, 163 Сімі 1.50 грн",2025-10-15,7
319,"Тракт Глинянський, 163 Сімі 1.50 грн",2025-10-28,14
319,"Тракт Глинянський, 163 Сімі 1.50 грн",2025-11-22,14
200,"Трускавецька, 129 Близенько 2.00 грн",2025-05-28,33
200,"Трускавецька, 129 Близенько 2.00 грн",2025-07-05,38
200,"Трускавецька, 129 Близенько 2.00 грн",2025-08-05,42
200,"Трускавецька, 129 Близенько 2.00 грн",2025-08-28,41
200,"Трускавецька, 129 Близенько 2.00 грн",2025-09-28,40
200,"Трускавецька, 129 Близенько 2.00 грн",2025-10-09,16
200,"Трускавецька, 129 Близенько 2.00 грн",2025-10-27,6
155,"Угорська, 12 Близенько 1.50 грн",2025-06-02,28
155,"Угорська, 12 Близенько 1.50 грн",2025-07-03,32
155,"Угорська, 12 Близенько 1.50 грн",2025-07-28,38
155,"Угорська, 12 Близенько 1.50 грн",2025-09-03,39
155,"Угорська, 12 Близенько 1.50 грн",2025-10-01,38
155,"Угорська, 12 Близенько 1.50 грн",2025-10-29,40
206,"Угорська, 14б Близенько 2.00 грн",2025-06-02,11
206,"Угорська, 14б Близенько 2.00 грн",2025-07-03,12
206,"Угорська, 14б Близенько 2.00 грн",2025-07-28,11
206,"Угорська, 14б Близенько 2.00 грн",2025-09-03,14
206,"Угорська, 14б Близенько 2.00 грн",2025-10-01,15
206,"Угорська, 14б Близенько 2.00 грн",2025-10-29,17
321,"Федьковича, 24 Близенько 1.50 грн",2025-10-29,22
176,"Федьковича, 38  Близенько 2.00 грн",2025-09-25,6
176,"Федьковича, 38  Близенько 2.00 грн",2025-10-29,7
112,"Франка, 69  Близенько 2.00 грн",2025-05-27,13
112,"Франка, 69  Близенько 2.00 грн",2025-06-17,15
112,"Франка, 69  Близенько 2.00 грн",2025-07-09,15
112,"Франка, 69  Близенько 2.00 грн",2025-07-30,14
112,"Франка, 69  Близенько 2.00 грн",2025-09-28,14
112,"Франка, 69  Близенько 2.00 грн",2025-10-24,17
246,"Хмельницького, 257 Близенько 2.00 грн",2025-07-08,13
246,"Хмельницького, 257 Близенько 2.00 грн",2025-07-18,13
246,"Хмельницького, 257 Близенько 2.00 грн",2025-07-29,13
246,"Хмельницького, 257 Близенько 2.00 грн",2025-08-30,12
246,"Хмельницького, 257 Близенько 2.00 грн",2025-09-26,9
246,"Хмельницького, 257 Близенько 2.00 грн",2025-11-08,8
185,"Хмельницького, 76 Близенько 2.00 грн",2025-06-04,19
185,"Хмельницького, 76 Близенько 2.00 грн",2025-07-02,24
185,"Хмельницького, 76 Близенько 2.00 грн",2025-08-05,22
185,"Хмельницького, 76 Близенько 2.00 грн",2025-08-19,24
185,"Хмельницького, 76 Близенько 2.00 грн",2025-08-30,22
185,"Хмельницького, 76 Близенько 2.00 грн",2025-09-11,27
185,"Хмельницького, 76 Близенько 2.00 грн",2025-09-26,25
185,"Хмельницького, 76 Близенько 2.00 грн",2025-10-25,26
185,"Хмельницького, 76 Близенько 2.00 грн",2025-11-08,4
256,"Художня, 4  Близенько 2.00 грн",2025-06-26,28
256,"Художня, 4  Близенько 2.00 грн",2025-10-17,28
256,"Художня, 4  Близенько 2.00 грн",2025-10-31,45
317,"Цегельского, 10  Близенько 2.00 грн",2025-05-29,15
317,"Цегельского, 10  Близенько 2.00 грн",2025-06-26,17
317,"Цегельского, 10  Близенько 2.00 грн",2025-09-25,22
317,"Цегельского, 10  Близенько 2.00 грн",2025-10-27,25
317,"Цегельского, 10  Близенько 2.00 грн",2025-11-07,25
278,"Чупринки, 84  Близенько  2.00 грн",2025-06-26,80
278,"Чупринки, 84  Близенько  2.00 грн",2025-07-25,80
278,"Чупринки, 84  Близенько  2.00 грн",2025-09-25,11
278,"Чупринки, 84  Близенько  2.00 грн",2025-10-28,21
104,"Шевченка, 111 Близенько 1.50 грн",2025-05-27,9
104,"Шевченка, 111 Близенько 1.50 грн",2025-06-30,8
104,"Шевченка, 111 Близенько 1.50 грн",2025-07-26,9
104,"Шевченка, 111 Близенько 1.50 грн",2025-09-25,8
104,"Шевченка, 111 Близенько 1.50 грн",2025-10-24,7
247,"Шевченка, 31б  Близенько 2.00 грн",2025-05-28,44
247,"Шевченка, 31б  Близенько 2.00 грн",2025-10-29,17
189,"Шевченка, 45  Близенько 1.50 грн",2025-05-28,13
189,"Шевченка, 45  Близенько 1.50 грн",2025-07-28,13
189,"Шевченка, 45  Близенько 1.50 грн",2025-10-31,12
177,"Шевченка, 80 Близенько  1.50 грн",2025-07-01,22
177,"Шевченка, 80 Близенько  1.50 грн",2025-07-28,
210,"Широка, 96а  Близенько 1.50 грн",2025-07-25,30
210,"Широка, 96а  Близенько 1.50 грн",2025-07-29,32
210,"Широка, 96а  Близенько 1.50 грн",2025-10-29,20
322,"Шолом-Алейхема, 20 Сімі 2.00 грн",2025-07-02,15
322,"Шолом-Алейхема, 20 Сімі 2.00 грн",2025-07-29,12
322,"Шолом-Алейхема, 20 Сімі 2.00 грн",2025-08-18,13
322,"Шолом-Алейхема, 20 Сімі 2.00 грн",2025-10-23,10
123,"Щурата, 9  Близенько 1.50 грн",2025-07-08,19
123,"Щурата, 9  Близенько 1.50 грн",2025-07-28,18
123,"Щурата, 9  Близенько 1.50 грн",2025-08-30,21
123,"Щурата, 9  Близенько 1.50 грн",2025-09-26,19
123,"Щурата, 9  Близенько 1.50 грн",2025-11-08,15
260,"Юнаківа,9б  Сім23 1.50 грн",2025-07-01,19
260,"Юнаківа,9б  Сім23 1.50 грн",2025-10-31,19
211,"Яворницького, 8  Близенько 2.00 грн",2025-05-28,6
211,"Яворницького, 8  Близенько 2.00 грн",2025-06-30,7
211,"Яворницького, 8  Близенько 2.00 грн",2025-07-26,3
211,"Яворницького, 8  Близенько 2.00 грн",2025-08-27,4
211,"Яворницького, 8  Близенько 2.00 грн",2025-09-28,3
211,"Яворницького, 8  Близенько 2.00 грн",2025-10-27,5
